contract_type,symbol,description,strike,expiration_date,mark,bid,bid_size,ask,ask_size,last,last_size,open_interest,total_volume,delta,gamma,theta,vega,rho,volatility,theoretical_volatility,theoretical_option_value,intrinsic_value,extrinsic_value,underlying_price
CALL,SPXW  260414C02600000,SPXW 04/14/2026 2600.00 C,2600.0,2026-04-14,4220.4,4211.6,2,4229.2,2,4212.55,1,1,0,1.0,0.0,0.954,0.001,0.087,447.246,29.0,4219.105,4220.16,-7.61,6820.16
CALL,SPXW  260414C02800000,SPXW 04/14/2026 2800.00 C,2800.0,2026-04-14,4018.65,4008.1,2,4029.2,2,0.0,0,0,0,1.0,0.0,0.953,0.001,0.094,414.202,29.0,4019.106,4020.16,-4020.16,6820.16
CALL,SPXW  260414C03000000,SPXW 04/14/2026 3000.00 C,3000.0,2026-04-14,3819.95,3809.9,2,3830.0,2,0.0,0,0,0,1.0,0.0,0.953,0.001,0.101,383.044,29.0,3819.106,3820.16,-3820.16,6820.16
CALL,SPXW  260414C03200000,SPXW 04/14/2026 3200.00 C,3200.0,2026-04-14,3620.1,3611.5,2,3628.7,2,0.0,0,0,0,1.0,0.0,0.953,0.001,0.107,353.872,29.0,3619.106,3620.16,-3620.16,6820.16
CALL,SPXW  260414C03400000,SPXW 04/14/2026 3400.00 C,3400.0,2026-04-14,3419.35,3409.2,2,3429.5,2,0.0,0,0,0,1.0,0.0,0.953,0.001,0.114,326.433,29.0,3419.106,3420.16,-3420.16,6820.16
CALL,SPXW  260414C03600000,SPXW 04/14/2026 3600.00 C,3600.0,2026-04-14,3218.45,3208.2,2,3228.7,2,0.0,0,0,0,1.0,0.0,0.953,0.001,0.121,300.996,29.0,3219.107,3220.16,-3220.16,6820.16
CALL,SPXW  260414C03800000,SPXW 04/14/2026 3800.00 C,3800.0,2026-04-14,3019.45,3009.8,2,3029.1,2,0.0,0,0,0,1.0,0.0,0.952,0.001,0.127,276.494,29.0,3019.107,3020.16,-3020.16,6820.16
CALL,SPXW  260414C04000000,SPXW 04/14/2026 4000.00 C,4000.0,2026-04-14,2819.6,2809.8,2,2829.4,2,0.0,0,0,0,1.0,0.0,0.952,0.002,0.134,253.218,29.0,2819.107,2820.16,-2820.16,6820.16
CALL,SPXW  260414C04200000,SPXW 04/14/2026 4200.00 C,4200.0,2026-04-14,2619.35,2609.3,2,2629.4,2,0.0,0,0,0,1.0,0.0,0.952,0.002,0.141,230.989,29.0,2619.107,2620.16,-2620.16,6820.16
CALL,SPXW  260414C04400000,SPXW 04/14/2026 4400.00 C,4400.0,2026-04-14,2419.25,2409.1,2,2429.4,2,0.0,0,0,0,1.0,0.0,0.952,0.002,0.148,209.771,29.0,2419.107,2420.16,-2420.16,6820.16
CALL,SPXW  260414C04600000,SPXW 04/14/2026 4600.00 C,4600.0,2026-04-14,2218.9,2208.9,2,2228.9,2,0.0,0,0,0,1.0,0.0,0.952,0.002,0.154,189.474,29.0,2219.107,2220.16,-2220.16,6820.16
CALL,SPXW  260414C04800000,SPXW 04/14/2026 4800.00 C,4800.0,2026-04-14,2019.8,2010.1,2,2029.5,2,0.0,0,0,0,1.0,0.0,0.952,0.002,0.161,170.083,29.0,2019.108,2020.16,-2020.16,6820.16
CALL,SPXW  260414C05000000,SPXW 04/14/2026 5000.00 C,5000.0,2026-04-14,1819.7,1809.9,2,1829.5,2,0.0,0,0,0,1.0,0.0,0.951,0.003,0.168,151.324,29.0,1819.108,1820.16,-1820.16,6820.16
CALL,SPXW  260414C05100000,SPXW 04/14/2026 5100.00 C,5100.0,2026-04-14,1719.85,1710.9,2,1728.8,2,0.0,0,0,0,1.0,0.0,0.951,0.003,0.171,142.219,29.0,1719.108,1720.16,-1720.16,6820.16
CALL,SPXW  260414C05200000,SPXW 04/14/2026 5200.00 C,5200.0,2026-04-14,1619.15,1608.4,2,1629.9,2,0.0,0,0,0,1.0,0.0,0.951,0.003,0.174,133.205,29.0,1619.108,1620.16,-1620.16,6820.16
CALL,SPXW  260414C05300000,SPXW 04/14/2026 5300.00 C,5300.0,2026-04-14,1521.3,1512.4,2,1530.2,2,0.0,0,0,0,1.0,0.0,0.951,0.003,0.178,124.294,29.0,1519.108,1520.16,-1520.16,6820.16
CALL,SPXW  260414C05400000,SPXW 04/14/2026 5400.00 C,5400.0,2026-04-14,1421.3,1412.4,2,1430.2,2,0.0,0,0,0,1.0,0.0,0.951,0.003,0.181,115.593,29.0,1419.108,1420.16,-1420.16,6820.16
CALL,SPXW  260414C05475000,SPXW 04/14/2026 5475.00 C,5475.0,2026-04-14,1346.35,1337.4,2,1355.3,2,0.0,0,0,0,1.0,0.0,0.951,0.003,0.184,109.176,29.0,1344.109,1345.16,-1345.16,6820.16
CALL,SPXW  260414C05500000,SPXW 04/14/2026 5500.00 C,5500.0,2026-04-14,1319.55,1310.0,2,1329.1,2,1294.66,1,0,1,1.0,0.0,0.951,0.003,0.185,107.056,29.0,1319.109,1320.16,-25.5,6820.16
CALL,SPXW  260414C05525000,SPXW 04/14/2026 5525.00 C,5525.0,2026-04-14,1295.25,1285.9,2,1304.6,2,0.0,0,0,0,1.0,0.0,0.951,0.004,0.185,104.947,29.0,1294.109,1295.16,-1295.16,6820.16
CALL,SPXW  260414C05550000,SPXW 04/14/2026 5550.00 C,5550.0,2026-04-14,1271.35,1262.4,2,1280.3,2,0.0,0,0,0,1.0,0.0,0.951,0.004,0.186,102.844,29.0,1269.109,1270.16,-1270.16,6820.16
CALL,SPXW  260414C05575000,SPXW 04/14/2026 5575.00 C,5575.0,2026-04-14,1245.6,1235.9,2,1255.3,2,1019.22,1,1,0,1.0,0.0,0.951,0.004,0.187,100.677,29.0,1244.109,1245.16,-225.94,6820.16
CALL,SPXW  260414C05600000,SPXW 04/14/2026 5600.00 C,5600.0,2026-04-14,1219.45,1210.0,2,1228.9,2,0.0,0,0,0,1.0,0.0,0.951,0.004,0.188,98.571,29.0,1219.109,1220.16,-1220.16,6820.16
CALL,SPXW  260414C05625000,SPXW 04/14/2026 5625.00 C,5625.0,2026-04-14,1194.6,1185.2,2,1204.0,2,0.0,0,0,0,1.0,0.0,0.951,0.004,0.189,96.519,29.0,1194.109,1195.16,-1195.16,6820.16
CALL,SPXW  260414C05650000,SPXW 04/14/2026 5650.00 C,5650.0,2026-04-14,1170.25,1160.2,2,1180.3,2,0.0,0,0,0,1.0,0.0,0.951,0.004,0.19,94.406,29.0,1169.109,1170.16,-1170.16,6820.16
CALL,SPXW  260414C05675000,SPXW 04/14/2026 5675.00 C,5675.0,2026-04-14,1144.85,1135.2,2,1154.5,2,0.0,0,0,0,1.0,0.0,0.951,0.004,0.19,92.309,29.0,1144.109,1145.16,-1145.16,6820.16
CALL,SPXW  260414C05700000,SPXW 04/14/2026 5700.00 C,5700.0,2026-04-14,1120.7,1111.8,2,1129.6,2,0.0,0,0,0,0.999,0.0,0.926,0.007,0.191,94.843,29.0,1119.134,1120.16,-1120.16,6820.16
CALL,SPXW  260414C05725000,SPXW 04/14/2026 5725.00 C,5725.0,2026-04-14,1094.55,1085.2,2,1103.9,2,0.0,0,0,0,0.999,0.0,0.926,0.007,0.192,92.711,29.0,1094.134,1095.16,-1095.16,6820.16
CALL,SPXW  260414C05750000,SPXW 04/14/2026 5750.00 C,5750.0,2026-04-14,1069.05,1058.5,2,1079.6,2,0.0,0,0,0,0.999,0.0,0.926,0.007,0.193,90.53,29.0,1069.134,1070.16,-1070.16,6820.16
CALL,SPXW  260414C05775000,SPXW 04/14/2026 5775.00 C,5775.0,2026-04-14,1043.7,1033.5,2,1053.9,2,0.0,0,0,0,0.999,0.0,0.925,0.008,0.194,88.443,29.0,1044.134,1045.16,-1045.16,6820.16
CALL,SPXW  260414C05800000,SPXW 04/14/2026 5800.00 C,5800.0,2026-04-14,1018.85,1008.7,2,1029.0,2,0.0,0,0,0,0.999,0.0,0.901,0.011,0.194,89.012,29.0,1019.159,1020.16,-1020.16,6820.16
CALL,SPXW  260414C05825000,SPXW 04/14/2026 5825.00 C,5825.0,2026-04-14,994.15,983.7,2,1004.6,2,0.0,0,0,0,0.999,0.0,0.926,0.008,0.195,84.126,29.0,994.134,995.16,-995.16,6820.16
CALL,SPXW  260414C05850000,SPXW 04/14/2026 5850.00 C,5850.0,2026-04-14,971.4,962.5,2,980.3,2,0.0,0,1,0,0.999,0.0,0.901,0.011,0.196,84.632,29.0,969.159,970.16,-970.16,6820.16
CALL,SPXW  260414C05875000,SPXW 04/14/2026 5875.00 C,5875.0,2026-04-14,943.85,933.7,2,954.0,2,0.0,0,0,0,0.999,0.0,0.901,0.011,0.197,82.465,29.0,944.159,945.16,-945.16,6820.16
CALL,SPXW  260414C05900000,SPXW 04/14/2026 5900.00 C,5900.0,2026-04-14,919.25,909.3,2,929.2,2,547.35,1,2,0,0.999,0.0,0.901,0.012,0.198,80.271,29.0,919.159,920.16,-372.81,6820.16
CALL,SPXW  260414C05925000,SPXW 04/14/2026 5925.00 C,5925.0,2026-04-14,895.75,887.5,2,904.0,2,0.0,0,0,0,0.999,0.0,0.901,0.012,0.199,78.104,29.0,894.159,895.16,-895.16,6820.16
CALL,SPXW  260414C05950000,SPXW 04/14/2026 5950.00 C,5950.0,2026-04-14,871.05,862.5,2,879.6,2,0.0,0,0,0,0.999,0.0,0.901,0.012,0.199,75.937,29.0,869.159,870.16,-870.16,6820.16
CALL,SPXW  260414C05975000,SPXW 04/14/2026 5975.00 C,5975.0,2026-04-14,845.4,836.8,2,854.0,2,535.7,1,1,0,0.999,0.0,0.901,0.012,0.2,73.778,29.0,844.159,845.16,-309.46,6820.16
CALL,SPXW  260414C06000000,SPXW 04/14/2026 6000.00 C,6000.0,2026-04-14,820.55,812.1,2,829.0,2,454.04,2,4,0,0.999,0.0,0.876,0.016,0.201,73.373,29.0,819.184,820.16,-366.12,6820.16
CALL,SPXW  260414C06025000,SPXW 04/14/2026 6025.00 C,6025.0,2026-04-14,794.6,792.5,2,796.7,8,0.0,0,0,0,0.999,0.0,0.876,0.016,0.202,71.179,29.0,794.184,795.16,-795.16,6820.16
CALL,SPXW  260414C06030000,SPXW 04/14/2026 6030.00 C,6030.0,2026-04-14,789.55,787.5,2,791.6,8,0.0,0,0,0,0.999,0.0,0.876,0.016,0.202,70.741,29.0,789.184,790.16,-790.16,6820.16
CALL,SPXW  260414C06040000,SPXW 04/14/2026 6040.00 C,6040.0,2026-04-14,779.55,777.5,2,781.6,8,0.0,0,0,0,0.999,0.0,0.876,0.017,0.202,69.867,29.0,779.184,780.16,-780.16,6820.16
CALL,SPXW  260414C06050000,SPXW 04/14/2026 6050.00 C,6050.0,2026-04-14,769.2,766.8,8,771.6,8,499.33,1,0,0,0.999,0.0,0.876,0.017,0.203,68.993,29.0,769.184,770.16,-270.83,6820.16
CALL,SPXW  260414C06060000,SPXW 04/14/2026 6060.00 C,6060.0,2026-04-14,759.25,756.9,8,761.6,8,0.0,0,0,0,0.999,0.0,0.875,0.017,0.203,68.122,29.0,759.184,760.16,-760.16,6820.16
CALL,SPXW  260414C06070000,SPXW 04/14/2026 6070.00 C,6070.0,2026-04-14,749.45,747.3,2,751.6,8,516.35,1,1,0,0.999,0.0,0.875,0.017,0.203,67.253,29.0,749.184,750.16,-233.81,6820.16
CALL,SPXW  260414C06075000,SPXW 04/14/2026 6075.00 C,6075.0,2026-04-14,744.45,742.3,2,746.6,8,0.0,0,0,0,0.998,0.0,0.875,0.017,0.204,66.82,29.0,744.185,745.16,-745.16,6820.16
CALL,SPXW  260414C06080000,SPXW 04/14/2026 6080.00 C,6080.0,2026-04-14,739.4,737.2,2,741.6,8,383.46,1,1,0,0.998,0.0,0.875,0.017,0.204,66.388,29.0,739.185,740.16,-356.7,6820.16
CALL,SPXW  260414C06090000,SPXW 04/14/2026 6090.00 C,6090.0,2026-04-14,729.4,727.2,2,731.6,8,503.22,1,2,0,0.998,0.0,0.85,0.021,0.204,66.802,29.0,729.209,730.16,-226.94,6820.16
CALL,SPXW  260414C06100000,SPXW 04/14/2026 6100.00 C,6100.0,2026-04-14,719.4,717.2,2,721.6,8,732.35,1,3,0,0.998,0.0,0.85,0.021,0.204,65.918,29.0,719.209,720.16,12.19,6820.16
CALL,SPXW  260414C06110000,SPXW 04/14/2026 6110.00 C,6110.0,2026-04-14,709.45,707.3,2,711.6,9,284.49,1,1,0,0.998,0.0,0.85,0.021,0.205,65.037,29.0,709.21,710.16,-425.67,6820.16
CALL,SPXW  260414C06120000,SPXW 04/14/2026 6120.00 C,6120.0,2026-04-14,699.45,697.3,2,701.6,9,0.0,0,0,0,0.998,0.0,0.851,0.022,0.205,64.133,29.0,699.209,700.16,-700.16,6820.16
CALL,SPXW  260414C06125000,SPXW 04/14/2026 6125.00 C,6125.0,2026-04-14,694.4,692.3,2,696.5,9,0.0,0,0,0,0.998,0.0,0.851,0.022,0.205,63.69,29.0,694.209,695.16,-695.16,6820.16
CALL,SPXW  260414C06130000,SPXW 04/14/2026 6130.00 C,6130.0,2026-04-14,689.4,687.3,2,691.5,9,339.73,2,2,0,0.998,0.0,0.851,0.022,0.205,63.247,29.0,689.209,690.16,-350.43,6820.16
CALL,SPXW  260414C06140000,SPXW 04/14/2026 6140.00 C,6140.0,2026-04-14,679.4,677.3,2,681.5,9,0.0,0,0,0,0.998,0.0,0.851,0.022,0.206,62.362,29.0,679.209,680.16,-680.16,6820.16
CALL,SPXW  260414C06150000,SPXW 04/14/2026 6150.00 C,6150.0,2026-04-14,669.4,667.3,2,671.5,9,406.26,2,1,0,0.998,0.0,0.851,0.022,0.206,61.477,29.0,669.209,670.16,-263.9,6820.16
CALL,SPXW  260414C06160000,SPXW 04/14/2026 6160.00 C,6160.0,2026-04-14,659.4,657.3,2,661.5,9,0.0,0,0,0,0.998,0.0,0.826,0.026,0.206,61.622,29.0,659.234,660.16,-660.16,6820.16
CALL,SPXW  260414C06170000,SPXW 04/14/2026 6170.00 C,6170.0,2026-04-14,649.3,647.1,9,651.5,9,426.68,2,1,0,0.998,0.0,0.826,0.026,0.207,60.725,29.0,649.234,650.16,-223.48,6820.16
CALL,SPXW  260414C06175000,SPXW 04/14/2026 6175.00 C,6175.0,2026-04-14,644.4,642.3,2,646.5,9,0.0,0,0,0,0.998,0.0,0.826,0.026,0.207,60.277,29.0,644.234,645.16,-645.16,6820.16
CALL,SPXW  260414C06180000,SPXW 04/14/2026 6180.00 C,6180.0,2026-04-14,639.4,637.3,2,641.5,9,360.0,1,2,0,0.998,0.0,0.826,0.027,0.207,59.829,29.0,639.234,640.16,-280.16,6820.16
CALL,SPXW  260414C06185000,SPXW 04/14/2026 6185.00 C,6185.0,2026-04-14,634.4,632.3,2,636.5,9,0.0,0,0,0,0.998,0.0,0.826,0.027,0.207,59.382,29.0,634.234,635.16,-635.16,6820.16
CALL,SPXW  260414C06190000,SPXW 04/14/2026 6190.00 C,6190.0,2026-04-14,629.4,627.3,2,631.5,9,407.74,2,2,0,0.998,0.0,0.825,0.027,0.207,58.934,29.0,629.234,630.16,-222.42,6820.16
CALL,SPXW  260414C06195000,SPXW 04/14/2026 6195.00 C,6195.0,2026-04-14,624.4,622.3,2,626.5,9,0.0,0,0,0,0.998,0.0,0.825,0.027,0.207,58.486,29.0,624.234,625.16,-625.16,6820.16
CALL,SPXW  260414C06200000,SPXW 04/14/2026 6200.00 C,6200.0,2026-04-14,619.35,617.2,9,621.5,9,623.98,5,14,0,0.997,0.0,0.8,0.031,0.207,58.9,29.0,619.259,620.16,3.82,6820.16
CALL,SPXW  260414C06205000,SPXW 04/14/2026 6205.00 C,6205.0,2026-04-14,614.35,612.2,9,616.5,9,0.0,0,0,0,0.997,0.0,0.8,0.031,0.208,58.447,29.0,614.259,615.16,-615.16,6820.16
CALL,SPXW  260414C06210000,SPXW 04/14/2026 6210.00 C,6210.0,2026-04-14,609.4,607.4,2,611.4,9,0.0,0,0,0,0.997,0.0,0.8,0.031,0.208,57.994,29.0,609.259,610.16,-610.16,6820.16
CALL,SPXW  260414C06215000,SPXW 04/14/2026 6215.00 C,6215.0,2026-04-14,604.4,602.4,2,606.4,9,0.0,0,0,0,0.997,0.0,0.8,0.031,0.208,57.541,29.0,604.259,605.16,-605.16,6820.16
CALL,SPXW  260414C06220000,SPXW 04/14/2026 6220.00 C,6220.0,2026-04-14,599.4,597.4,2,601.4,9,237.83,1,1,0,0.997,0.0,0.8,0.032,0.208,57.088,29.0,599.259,600.16,-362.33,6820.16
CALL,SPXW  260414C06225000,SPXW 04/14/2026 6225.00 C,6225.0,2026-04-14,594.4,592.4,2,596.4,9,252.88,1,2,0,0.997,0.0,0.8,0.032,0.208,56.636,29.0,594.259,595.16,-342.28,6820.16
CALL,SPXW  260414C06230000,SPXW 04/14/2026 6230.00 C,6230.0,2026-04-14,589.4,587.4,2,591.4,9,259.72,1,6,0,0.997,0.0,0.8,0.032,0.208,56.183,29.0,589.259,590.16,-330.44,6820.16
CALL,SPXW  260414C06235000,SPXW 04/14/2026 6235.00 C,6235.0,2026-04-14,584.4,582.4,2,586.4,9,0.0,0,0,0,0.997,0.0,0.8,0.032,0.209,55.731,29.0,584.259,585.16,-585.16,6820.16
CALL,SPXW  260414C06240000,SPXW 04/14/2026 6240.00 C,6240.0,2026-04-14,579.4,577.4,2,581.4,9,315.53,1,3,0,0.997,0.0,0.8,0.032,0.209,55.278,29.0,579.259,580.16,-264.63,6820.16
CALL,SPXW  260414C06245000,SPXW 04/14/2026 6245.00 C,6245.0,2026-04-14,574.4,572.4,2,576.4,9,359.26,2,2,0,0.997,0.0,0.775,0.036,0.209,55.553,29.0,574.284,575.16,-215.9,6820.16
CALL,SPXW  260414C06250000,SPXW 04/14/2026 6250.00 C,6250.0,2026-04-14,569.35,567.3,10,571.4,10,574.11,5,12,0,0.997,0.0,0.8,0.033,0.209,54.373,29.0,569.259,570.16,3.95,6820.16
CALL,SPXW  260414C06255000,SPXW 04/14/2026 6255.00 C,6255.0,2026-04-14,564.4,562.4,2,566.4,10,302.39,1,1,0,0.997,0.0,0.775,0.037,0.209,54.639,29.0,564.284,565.16,-262.77,6820.16
CALL,SPXW  260414C06260000,SPXW 04/14/2026 6260.00 C,6260.0,2026-04-14,559.4,557.4,2,561.4,10,376.21,2,4,0,0.997,0.0,0.775,0.037,0.209,54.181,29.0,559.284,560.16,-183.95,6820.16
CALL,SPXW  260414C06265000,SPXW 04/14/2026 6265.00 C,6265.0,2026-04-14,554.4,552.4,2,556.4,10,0.0,0,0,0,0.997,0.0,0.775,0.037,0.21,53.724,29.0,554.284,555.16,-555.16,6820.16
CALL,SPXW  260414C06270000,SPXW 04/14/2026 6270.00 C,6270.0,2026-04-14,549.4,547.4,2,551.4,10,335.83,4,3,0,0.997,0.0,0.775,0.037,0.21,53.267,29.0,549.284,550.16,-214.33,6820.16
CALL,SPXW  260414C06275000,SPXW 04/14/2026 6275.00 C,6275.0,2026-04-14,544.4,542.4,2,546.4,10,195.54,1,4,0,0.997,0.0,0.775,0.038,0.21,52.809,29.0,544.284,545.16,-349.62,6820.16
CALL,SPXW  260414C06280000,SPXW 04/14/2026 6280.00 C,6280.0,2026-04-14,539.4,537.4,2,541.4,10,533.78,1,8,0,0.996,0.0,0.75,0.041,0.21,52.983,29.0,539.309,540.16,-6.38,6820.16
CALL,SPXW  260414C06285000,SPXW 04/14/2026 6285.00 C,6285.0,2026-04-14,534.4,532.4,2,536.4,10,173.5,1,1,0,0.996,0.0,0.75,0.042,0.21,52.522,29.0,534.309,535.16,-361.66,6820.16
CALL,SPXW  260414C06290000,SPXW 04/14/2026 6290.00 C,6290.0,2026-04-14,529.4,527.4,2,531.4,10,315.91,1,2,0,0.996,0.0,0.75,0.042,0.21,52.06,29.0,529.309,530.16,-214.25,6820.16
CALL,SPXW  260414C06295000,SPXW 04/14/2026 6295.00 C,6295.0,2026-04-14,524.4,522.4,2,526.4,10,315.5,1,1,0,0.996,0.0,0.75,0.042,0.21,51.599,29.0,524.309,525.16,-209.66,6820.16
CALL,SPXW  260414C06300000,SPXW 04/14/2026 6300.00 C,6300.0,2026-04-14,519.4,517.4,12,521.4,10,326.72,1,18,0,0.996,0.0,0.75,0.043,0.211,51.136,29.0,519.309,520.16,-193.44,6820.16
CALL,SPXW  260414C06305000,SPXW 04/14/2026 6305.00 C,6305.0,2026-04-14,514.4,512.4,12,516.4,10,282.63,1,2,0,0.996,0.0,0.75,0.043,0.211,50.675,29.0,514.309,515.16,-232.53,6820.16
CALL,SPXW  260414C06310000,SPXW 04/14/2026 6310.00 C,6310.0,2026-04-14,509.4,507.4,12,511.4,10,503.85,1,3,0,0.996,0.0,0.75,0.043,0.211,50.213,29.0,509.309,510.16,-6.31,6820.16
CALL,SPXW  260414C06315000,SPXW 04/14/2026 6315.00 C,6315.0,2026-04-14,504.4,502.4,12,506.4,10,295.48,1,4,0,0.996,0.0,0.725,0.047,0.211,50.303,29.0,504.334,505.16,-209.68,6820.16
CALL,SPXW  260414C06320000,SPXW 04/14/2026 6320.00 C,6320.0,2026-04-14,499.4,497.4,12,501.4,10,496.96,1,11,0,0.996,0.0,0.725,0.047,0.211,49.837,29.0,499.334,500.16,-3.2,6820.16
CALL,SPXW  260414C06325000,SPXW 04/14/2026 6325.00 C,6325.0,2026-04-14,494.4,492.4,12,496.4,10,283.7,4,21,0,0.996,0.0,0.725,0.048,0.211,49.371,29.0,494.334,495.16,-211.46,6820.16
CALL,SPXW  260414C06330000,SPXW 04/14/2026 6330.00 C,6330.0,2026-04-14,489.4,487.4,12,491.4,10,198.58,1,17,0,0.996,0.0,0.725,0.048,0.211,48.905,29.0,489.334,490.16,-291.58,6820.16
CALL,SPXW  260414C06335000,SPXW 04/14/2026 6335.00 C,6335.0,2026-04-14,484.4,482.4,12,486.4,10,480.86,1,24,3,0.996,0.0,0.725,0.049,0.212,48.439,29.0,484.334,485.16,-4.3,6820.16
CALL,SPXW  260414C06340000,SPXW 04/14/2026 6340.00 C,6340.0,2026-04-14,479.45,477.5,2,481.4,10,489.76,1,81,0,0.996,0.0,0.725,0.049,0.212,47.973,29.0,479.334,480.16,9.6,6820.16
CALL,SPXW  260414C06345000,SPXW 04/14/2026 6345.00 C,6345.0,2026-04-14,474.45,472.5,2,476.4,10,472.38,1,20,1,0.995,0.0,0.7,0.053,0.212,47.996,29.0,474.36,475.16,-2.78,6820.16
CALL,SPXW  260414C06350000,SPXW 04/14/2026 6350.00 C,6350.0,2026-04-14,469.45,467.5,12,471.4,10,482.49,1,80,0,0.995,0.0,0.7,0.053,0.212,47.526,29.0,469.36,470.16,12.33,6820.16
CALL,SPXW  260414C06355000,SPXW 04/14/2026 6355.00 C,6355.0,2026-04-14,464.45,462.5,12,466.4,10,274.58,2,19,0,0.995,0.0,0.7,0.054,0.212,47.056,29.0,464.36,465.16,-190.58,6820.16
CALL,SPXW  260414C06360000,SPXW 04/14/2026 6360.00 C,6360.0,2026-04-14,459.45,457.5,12,461.4,10,231.13,5,51,0,0.995,0.0,0.7,0.054,0.212,46.586,29.0,459.36,460.16,-229.03,6820.16
CALL,SPXW  260414C06365000,SPXW 04/14/2026 6365.00 C,6365.0,2026-04-14,454.45,452.5,12,456.4,10,126.25,4,9,0,0.995,0.0,0.7,0.055,0.213,46.115,29.0,454.36,455.16,-328.91,6820.16
CALL,SPXW  260414C06370000,SPXW 04/14/2026 6370.00 C,6370.0,2026-04-14,449.45,447.5,12,451.4,10,250.33,2,14,0,0.995,0.0,0.7,0.055,0.213,45.645,29.0,449.36,450.16,-199.83,6820.16
CALL,SPXW  260414C06375000,SPXW 04/14/2026 6375.00 C,6375.0,2026-04-14,444.45,442.5,12,446.4,10,248.93,2,24,0,0.995,0.0,0.7,0.056,0.213,45.174,29.0,444.36,445.16,-196.23,6820.16
CALL,SPXW  260414C06380000,SPXW 04/14/2026 6380.00 C,6380.0,2026-04-14,439.45,437.5,12,441.4,10,442.48,3,42,0,0.995,0.0,0.675,0.06,0.213,45.136,29.0,439.385,440.16,2.32,6820.16
CALL,SPXW  260414C06385000,SPXW 04/14/2026 6385.00 C,6385.0,2026-04-14,434.45,432.5,13,436.4,10,160.0,1,32,0,0.995,0.0,0.675,0.06,0.213,44.661,29.0,434.385,435.16,-275.16,6820.16
CALL,SPXW  260414C06390000,SPXW 04/14/2026 6390.00 C,6390.0,2026-04-14,429.45,427.5,13,431.4,10,206.55,1,14,0,0.994,0.0,0.675,0.061,0.213,44.187,29.0,429.385,430.16,-223.61,6820.16
CALL,SPXW  260414C06395000,SPXW 04/14/2026 6395.00 C,6395.0,2026-04-14,424.5,422.6,11,426.4,10,235.12,1,9,0,0.994,0.0,0.675,0.061,0.213,43.712,29.0,424.385,425.16,-190.04,6820.16
CALL,SPXW  260414C06400000,SPXW 04/14/2026 6400.00 C,6400.0,2026-04-14,419.5,417.6,11,421.4,10,435.44,10,49,0,0.994,0.0,0.65,0.065,0.213,43.63,29.0,419.41,420.16,15.28,6820.16
CALL,SPXW  260414C06405000,SPXW 04/14/2026 6405.00 C,6405.0,2026-04-14,414.5,412.6,11,416.4,11,230.14,2,8,0,0.994,0.0,0.65,0.066,0.214,43.152,29.0,414.41,415.16,-185.02,6820.16
CALL,SPXW  260414C06410000,SPXW 04/14/2026 6410.00 C,6410.0,2026-04-14,409.5,407.6,11,411.4,11,404.02,5,38,5,0.994,0.0,0.65,0.067,0.214,42.674,29.0,409.41,410.16,-6.14,6820.16
CALL,SPXW  260414C06415000,SPXW 04/14/2026 6415.00 C,6415.0,2026-04-14,404.5,402.6,11,406.4,10,398.89,5,15,5,0.994,0.0,0.65,0.067,0.214,42.195,29.0,404.41,405.16,-6.27,6820.16
CALL,SPXW  260414C06420000,SPXW 04/14/2026 6420.00 C,6420.0,2026-04-14,399.5,397.6,11,401.4,11,397.02,2,16,0,0.994,0.0,0.65,0.068,0.214,41.716,29.0,399.41,400.16,-3.14,6820.16
CALL,SPXW  260414C06425000,SPXW 04/14/2026 6425.00 C,6425.0,2026-04-14,394.5,392.6,11,396.4,11,391.8,1,28,0,0.993,0.0,0.625,0.072,0.214,41.592,29.0,394.435,395.16,-3.36,6820.16
CALL,SPXW  260414C06430000,SPXW 04/14/2026 6430.00 C,6430.0,2026-04-14,389.5,387.6,11,391.4,11,150.3,1,13,0,0.993,0.0,0.625,0.073,0.214,41.11,29.0,389.435,390.16,-239.86,6820.16
CALL,SPXW  260414C06435000,SPXW 04/14/2026 6435.00 C,6435.0,2026-04-14,384.5,382.6,13,386.4,11,354.99,1,29,0,0.993,0.0,0.625,0.074,0.214,40.627,29.0,384.435,385.16,-30.17,6820.16
CALL,SPXW  260414C06440000,SPXW 04/14/2026 6440.00 C,6440.0,2026-04-14,379.5,377.6,13,381.4,11,379.28,2,27,8,0.993,0.0,0.625,0.074,0.215,40.145,29.0,379.435,380.16,-0.88,6820.16
CALL,SPXW  260414C06445000,SPXW 04/14/2026 6445.00 C,6445.0,2026-04-14,374.5,372.6,13,376.4,11,372.51,2,13,2,0.993,0.0,0.6,0.079,0.215,39.986,29.0,374.46,375.16,-2.65,6820.16
CALL,SPXW  260414C06450000,SPXW 04/14/2026 6450.00 C,6450.0,2026-04-14,369.55,367.7,11,371.4,11,372.51,12,71,34,0.993,0.0,0.6,0.08,0.215,39.5,29.0,369.46,370.16,2.35,6820.16
CALL,SPXW  260414C06455000,SPXW 04/14/2026 6455.00 C,6455.0,2026-04-14,364.55,362.7,11,366.4,11,316.31,1,19,0,0.992,0.0,0.6,0.08,0.215,39.013,29.0,364.46,365.16,-48.85,6820.16
CALL,SPXW  260414C06460000,SPXW 04/14/2026 6460.00 C,6460.0,2026-04-14,359.55,357.7,14,361.4,14,359.45,2,217,2,0.992,0.0,0.6,0.081,0.215,38.526,29.0,359.46,360.16,-0.71,6820.16
CALL,SPXW  260414C06465000,SPXW 04/14/2026 6465.00 C,6465.0,2026-04-14,354.55,352.7,11,356.4,11,373.57,1,33,0,0.992,0.0,0.575,0.086,0.215,38.337,29.0,354.485,355.16,18.41,6820.16
CALL,SPXW  260414C06470000,SPXW 04/14/2026 6470.00 C,6470.0,2026-04-14,349.55,347.7,11,351.4,11,323.01,1,17,0,0.992,0.0,0.575,0.087,0.215,37.846,29.0,349.485,350.16,-27.15,6820.16
CALL,SPXW  260414C06475000,SPXW 04/14/2026 6475.00 C,6475.0,2026-04-14,344.55,342.7,11,346.4,11,316.8,5,10,0,0.992,0.0,0.575,0.088,0.215,37.356,29.0,344.485,345.16,-28.36,6820.16
CALL,SPXW  260414C06480000,SPXW 04/14/2026 6480.00 C,6480.0,2026-04-14,339.55,337.7,11,341.4,11,336.12,2,55,0,0.992,0.0,0.575,0.089,0.216,36.865,29.0,339.485,340.16,-4.04,6820.16
CALL,SPXW  260414C06485000,SPXW 04/14/2026 6485.00 C,6485.0,2026-04-14,334.7,333.0,2,336.4,11,314.51,5,34,5,0.991,0.0,0.55,0.093,0.216,36.646,29.0,334.51,335.16,-20.65,6820.16
CALL,SPXW  260414C06490000,SPXW 04/14/2026 6490.00 C,6490.0,2026-04-14,329.7,328.0,2,331.4,11,327.68,1,28,7,0.991,0.0,0.55,0.095,0.216,36.152,29.0,329.51,330.16,-2.48,6820.16
CALL,SPXW  260414C06495000,SPXW 04/14/2026 6495.00 C,6495.0,2026-04-14,324.7,323.0,2,326.4,11,338.0,1,96,0,0.991,0.0,0.55,0.096,0.216,35.657,29.0,324.51,325.16,12.84,6820.16
CALL,SPXW  260414C06500000,SPXW 04/14/2026 6500.00 C,6500.0,2026-04-14,319.7,318.0,2,321.4,11,331.1,1,57,0,0.99,0.0,0.525,0.101,0.216,35.415,29.0,319.535,320.16,10.94,6820.16
CALL,SPXW  260414C06505000,SPXW 04/14/2026 6505.00 C,6505.0,2026-04-14,314.7,313.0,2,316.4,11,150.2,3,19,0,0.99,0.0,0.525,0.102,0.216,34.917,29.0,314.535,315.16,-164.96,6820.16
CALL,SPXW  260414C06510000,SPXW 04/14/2026 6510.00 C,6510.0,2026-04-14,309.7,308.0,2,311.4,11,307.87,1,29,23,0.99,0.0,0.525,0.103,0.216,34.418,29.0,309.535,310.16,-2.29,6820.16
CALL,SPXW  260414C06515000,SPXW 04/14/2026 6515.00 C,6515.0,2026-04-14,304.7,303.0,2,306.4,11,302.97,1,176,37,0.99,0.0,0.5,0.108,0.216,34.154,29.0,304.56,305.16,-2.19,6820.16
CALL,SPXW  260414C06520000,SPXW 04/14/2026 6520.00 C,6520.0,2026-04-14,299.7,298.0,2,301.4,11,297.68,1,75,6,0.989,0.0,0.5,0.109,0.216,33.652,29.0,299.56,300.16,-2.48,6820.16
CALL,SPXW  260414C06525000,SPXW 04/14/2026 6525.00 C,6525.0,2026-04-14,294.7,293.0,2,296.4,11,292.68,1,163,6,0.989,0.0,0.475,0.114,0.216,33.371,29.0,294.585,295.16,-2.48,6820.16
CALL,SPXW  260414C06530000,SPXW 04/14/2026 6530.00 C,6530.0,2026-04-14,289.8,288.1,2,291.5,11,270.81,1,94,7,0.989,0.0,0.475,0.116,0.217,32.865,29.0,289.585,290.16,-19.35,6820.16
CALL,SPXW  260414C06535000,SPXW 04/14/2026 6535.00 C,6535.0,2026-04-14,284.8,283.1,2,286.5,11,282.15,1,101,2,0.988,0.0,0.45,0.121,0.217,32.568,29.0,284.61,285.16,-3.01,6820.16
CALL,SPXW  260414C06540000,SPXW 04/14/2026 6540.00 C,6540.0,2026-04-14,279.8,278.1,2,281.5,11,253.96,1,57,20,0.987,0.0,0.425,0.127,0.217,32.259,29.0,279.635,280.16,-26.2,6820.16
CALL,SPXW  260414C06545000,SPXW 04/14/2026 6545.00 C,6545.0,2026-04-14,274.8,273.1,2,276.5,11,277.71,2,30,20,0.987,0.0,0.425,0.128,0.217,31.746,29.0,274.635,275.16,2.55,6820.16
CALL,SPXW  260414C06550000,SPXW 04/14/2026 6550.00 C,6550.0,2026-04-14,269.8,268.1,5,271.5,14,271.52,1,443,27,0.987,0.0,0.401,0.134,0.217,31.423,29.0,269.659,270.16,1.36,6820.16
CALL,SPXW  260414C06555000,SPXW 04/14/2026 6555.00 C,6555.0,2026-04-14,264.85,263.2,2,266.5,11,237.23,20,60,20,0.986,0.0,0.375,0.14,0.217,31.092,29.0,264.685,265.16,-27.93,6820.16
CALL,SPXW  260414C06560000,SPXW 04/14/2026 6560.00 C,6560.0,2026-04-14,259.85,258.2,2,261.5,11,256.13,1,80,2,0.985,0.0,0.35,0.145,0.217,30.746,29.0,259.71,260.16,-4.03,6820.16
CALL,SPXW  260414C06565000,SPXW 04/14/2026 6565.00 C,6565.0,2026-04-14,254.9,253.2,2,256.6,11,230.15,1,73,1,0.985,0.0,0.325,0.151,0.217,30.391,29.0,254.735,255.16,-25.01,6820.16
CALL,SPXW  260414C06570000,SPXW 04/14/2026 6570.00 C,6570.0,2026-04-14,249.9,248.2,2,251.6,11,245.0,10,73,13,0.984,0.0,0.3,0.157,0.217,30.027,29.0,249.76,250.16,-5.16,6820.16
CALL,SPXW  260414C06575000,SPXW 04/14/2026 6575.00 C,6575.0,2026-04-14,244.95,243.3,5,246.6,14,223.51,1,694,7,0.983,0.0,0.275,0.163,0.217,29.654,29.0,244.785,245.16,-21.65,6820.16
CALL,SPXW  260414C06580000,SPXW 04/14/2026 6580.00 C,6580.0,2026-04-14,239.95,238.3,2,241.6,11,242.84,1,137,15,0.982,0.0,0.225,0.173,0.217,29.418,29.0,239.835,240.16,2.68,6820.16
CALL,SPXW  260414C06585000,SPXW 04/14/2026 6585.00 C,6585.0,2026-04-14,235.0,233.3,2,236.7,11,226.04,10,35,10,0.982,0.0,0.225,0.175,0.217,28.882,29.0,234.835,235.16,-9.12,6820.16
CALL,SPXW  260414C06590000,SPXW 04/14/2026 6590.00 C,6590.0,2026-04-14,230.05,228.4,2,231.7,12,232.3,1,177,7,0.981,0.0,0.175,0.185,0.217,28.621,29.0,229.885,230.16,2.14,6820.16
CALL,SPXW  260414C06595000,SPXW 04/14/2026 6595.00 C,6595.0,2026-04-14,225.05,223.4,2,226.7,12,201.96,2,141,5,0.979,0.0,0.125,0.195,0.217,28.34,29.0,224.935,225.16,-23.2,6820.16
CALL,SPXW  260414C06600000,SPXW 04/14/2026 6600.00 C,6600.0,2026-04-14,220.1,218.4,17,221.8,15,222.22,1,301,29,0.978,0.0,0.075,0.206,0.216,28.041,29.0,219.985,220.16,2.06,6820.16
CALL,SPXW  260414C06605000,SPXW 04/14/2026 6605.00 C,6605.0,2026-04-14,215.15,213.5,3,216.8,12,214.52,15,131,0,0.977,0.0,0.025,0.216,0.216,27.726,29.0,215.035,215.16,-0.64,6820.16
CALL,SPXW  260414C06610000,SPXW 04/14/2026 6610.00 C,6610.0,2026-04-14,210.2,208.5,14,211.9,12,211.01,1,140,6,0.975,0.001,-0.025,0.226,0.216,27.395,29.0,210.085,210.16,0.85,6820.16
CALL,SPXW  260414C06615000,SPXW 04/14/2026 6615.00 C,6615.0,2026-04-14,205.25,203.6,3,206.9,12,203.18,1,113,29,0.974,0.001,-0.075,0.237,0.216,27.05,29.0,205.135,205.16,-1.98,6820.16
CALL,SPXW  260414C06620000,SPXW 04/14/2026 6620.00 C,6620.0,2026-04-14,200.35,198.7,3,202.0,12,180.64,4,86,4,0.972,0.001,-0.15,0.251,0.216,26.79,29.0,200.21,200.16,-19.52,6820.16
CALL,SPXW  260414C06625000,SPXW 04/14/2026 6625.00 C,6625.0,2026-04-14,195.4,193.7,15,197.1,12,173.53,1,138,8,0.97,0.001,-0.225,0.265,0.216,26.507,29.0,195.285,195.16,-21.63,6820.16
CALL,SPXW  260414C06630000,SPXW 04/14/2026 6630.00 C,6630.0,2026-04-14,190.5,188.8,16,192.2,12,190.94,1,138,9,0.968,0.001,-0.3,0.279,0.215,26.203,29.0,190.36,190.16,0.78,6820.16
CALL,SPXW  260414C06635000,SPXW 04/14/2026 6635.00 C,6635.0,2026-04-14,185.55,183.9,16,187.2,12,179.67,1,91,1,0.966,0.001,-0.375,0.294,0.215,25.88,29.0,185.435,185.16,-5.49,6820.16
CALL,SPXW  260414C06640000,SPXW 04/14/2026 6640.00 C,6640.0,2026-04-14,180.65,179.0,16,182.3,12,177.62,1,155,2,0.964,0.001,-0.475,0.312,0.215,25.619,29.0,180.535,180.16,-2.54,6820.16
CALL,SPXW  260414C06645000,SPXW 04/14/2026 6645.00 C,6645.0,2026-04-14,175.75,174.1,16,177.4,12,174.7,5,52,31,0.961,0.001,-0.575,0.329,0.214,25.333,29.0,175.635,175.16,-0.46,6820.16
CALL,SPXW  260414C06650000,SPXW 04/14/2026 6650.00 C,6650.0,2026-04-14,170.85,169.2,18,172.5,15,169.85,5,544,47,0.959,0.001,-0.675,0.347,0.214,25.023,29.0,170.735,170.16,-0.31,6820.16
CALL,SPXW  260414C06655000,SPXW 04/14/2026 6655.00 C,6655.0,2026-04-14,166.0,164.3,15,167.7,12,165.7,12,72,12,0.955,0.001,-0.825,0.371,0.213,24.828,29.0,165.885,165.16,0.54,6820.16
CALL,SPXW  260414C06660000,SPXW 04/14/2026 6660.00 C,6660.0,2026-04-14,161.15,159.5,5,162.8,15,164.92,3,816,116,0.953,0.001,-0.925,0.389,0.213,24.469,29.0,160.985,160.16,4.76,6820.16
CALL,SPXW  260414C06665000,SPXW 04/14/2026 6665.00 C,6665.0,2026-04-14,156.25,154.6,15,157.9,12,135.1,7,183,100,0.949,0.001,-1.074,0.413,0.212,24.214,29.0,156.135,155.16,-20.06,6820.16
CALL,SPXW  260414C06670000,SPXW 04/14/2026 6670.00 C,6670.0,2026-04-14,151.45,149.8,18,153.1,15,155.19,3,293,41,0.945,0.001,-1.224,0.437,0.211,23.929,29.0,151.285,150.16,5.03,6820.16
CALL,SPXW  260414C06675000,SPXW 04/14/2026 6675.00 C,6675.0,2026-04-14,146.55,144.9,16,148.2,12,146.35,12,97,14,0.941,0.001,-1.374,0.461,0.211,23.616,29.0,146.435,145.16,1.19,6820.16
CALL,SPXW  260414C06680000,SPXW 04/14/2026 6680.00 C,6680.0,2026-04-14,141.75,140.1,20,143.4,15,143.34,3,215,20,0.937,0.001,-1.573,0.49,0.21,23.38,29.0,141.635,140.16,3.18,6820.16
CALL,SPXW  260414C06685000,SPXW 04/14/2026 6685.00 C,6685.0,2026-04-14,136.95,135.3,16,138.6,12,135.43,2,50,2,0.932,0.001,-1.773,0.519,0.209,23.109,29.0,136.835,135.16,0.27,6820.16
CALL,SPXW  260414C06690000,SPXW 04/14/2026 6690.00 C,6690.0,2026-04-14,132.15,130.5,20,133.8,15,131.29,1,608,26,0.927,0.002,-1.972,0.548,0.208,22.805,29.0,132.035,130.16,1.13,6820.16
CALL,SPXW  260414C06695000,SPXW 04/14/2026 6695.00 C,6695.0,2026-04-14,127.45,125.8,16,129.1,12,124.61,1,107,10,0.921,0.002,-2.22,0.582,0.206,22.558,29.0,127.285,125.16,-0.55,6820.16
CALL,SPXW  260414C06700000,SPXW 04/14/2026 6700.00 C,6700.0,2026-04-14,122.65,121.0,20,124.3,15,125.56,12,1530,86,0.915,0.002,-2.468,0.615,0.205,22.274,29.0,122.535,120.16,5.4,6820.16
CALL,SPXW  260414C06705000,SPXW 04/14/2026 6705.00 C,6705.0,2026-04-14,117.95,116.3,16,119.6,12,116.51,2,65,11,0.908,0.002,-2.765,0.652,0.204,22.033,29.0,117.835,115.16,1.35,6820.16
CALL,SPXW  260414C06710000,SPXW 04/14/2026 6710.00 C,6710.0,2026-04-14,113.25,111.6,20,114.9,15,116.98,1,521,87,0.901,0.002,-3.012,0.685,0.203,21.679,29.0,113.085,110.16,6.82,6820.16
CALL,SPXW  260414C06715000,SPXW 04/14/2026 6715.00 C,6715.0,2026-04-14,108.6,107.0,16,110.2,12,106.69,1,14,62,0.893,0.002,-3.356,0.726,0.201,21.433,29.0,108.435,105.16,1.53,6820.16
CALL,SPXW  260414C06720000,SPXW 04/14/2026 6720.00 C,6720.0,2026-04-14,103.9,102.3,21,105.5,15,106.77,5,245,19,0.885,0.002,-3.699,0.766,0.199,21.144,29.0,103.785,100.16,6.61,6820.16
CALL,SPXW  260414C06725000,SPXW 04/14/2026 6725.00 C,6725.0,2026-04-14,99.5,98.4,14,100.6,14,102.0,5,412,21,0.876,0.002,-4.039,0.806,0.197,20.817,29.0,99.135,95.16,6.84,6820.16
CALL,SPXW  260414C06730000,SPXW 04/14/2026 6730.00 C,6730.0,2026-04-14,94.9,93.8,14,96.0,14,93.34,1,195,59,0.867,0.003,-4.426,0.849,0.195,20.511,29.0,94.535,90.16,3.18,6820.16
CALL,SPXW  260414C06735000,SPXW 04/14/2026 6735.00 C,6735.0,2026-04-14,90.3,89.2,10,91.4,11,93.8,10,56,33,0.857,0.003,-4.802,0.891,0.193,20.162,29.0,89.929,85.16,8.64,6820.16
CALL,SPXW  260414C06740000,SPXW 04/14/2026 6740.00 C,6740.0,2026-04-14,85.75,84.7,14,86.8,14,82.59,1,206,73,0.846,0.003,-5.281,0.938,0.191,19.884,29.0,85.435,80.16,2.43,6820.16
CALL,SPXW  260414C06745000,SPXW 04/14/2026 6745.00 C,6745.0,2026-04-14,81.25,80.2,10,82.3,11,79.0,3,33,10,0.834,0.003,-5.746,0.985,0.188,19.557,29.0,80.935,75.16,3.84,6820.16
CALL,SPXW  260414C06750000,SPXW 04/14/2026 6750.00 C,6750.0,2026-04-14,76.85,75.8,15,77.9,14,80.06,4,595,59,0.822,0.003,-6.196,1.03,0.185,19.184,29.0,76.43,70.16,9.9,6820.16
CALL,SPXW  260414C06755000,SPXW 04/14/2026 6755.00 C,6755.0,2026-04-14,72.4,71.4,11,73.4,11,68.72,1,91,13,0.808,0.004,-6.731,1.08,0.182,18.86,29.0,72.03,65.16,3.56,6820.16
CALL,SPXW  260414C06760000,SPXW 04/14/2026 6760.00 C,6760.0,2026-04-14,67.8,67.1,4,68.5,5,68.47,1,464,45,0.793,0.004,-7.291,1.129,0.179,18.531,29.0,67.678,60.16,8.31,6820.16
CALL,SPXW  260414C06765000,SPXW 04/14/2026 6765.00 C,6765.0,2026-04-14,63.5,62.9,4,64.1,5,64.75,1,63,71,0.777,0.004,-7.873,1.18,0.176,18.192,29.0,63.379,55.16,9.59,6820.16
CALL,SPXW  260414C06770000,SPXW 04/14/2026 6770.00 C,6770.0,2026-04-14,59.3,58.8,1,59.8,4,62.54,1,387,183,0.76,0.004,-8.422,1.228,0.172,17.798,29.0,59.08,50.16,12.38,6820.16
CALL,SPXW  260414C06775000,SPXW 04/14/2026 6775.00 C,6775.0,2026-04-14,55.1,54.7,1,55.5,1,56.81,2,320,236,0.741,0.005,-9.061,1.279,0.168,17.47,29.0,54.935,45.16,11.65,6820.16
CALL,SPXW  260414C06780000,SPXW 04/14/2026 6780.00 C,6780.0,2026-04-14,51.0,50.7,2,51.3,1,54.14,1,466,312,0.721,0.005,-9.678,1.328,0.163,17.116,29.0,50.835,40.16,13.98,6820.16
CALL,SPXW  260414C06785000,SPXW 04/14/2026 6785.00 C,6785.0,2026-04-14,47.0,46.8,8,47.2,1,49.8,6,103,200,0.699,0.005,-10.261,1.375,0.158,16.733,29.0,46.785,35.16,14.64,6820.16
CALL,SPXW  260414C06790000,SPXW 04/14/2026 6790.00 C,6790.0,2026-04-14,43.15,43.0,13,43.3,10,45.7,1,691,713,0.675,0.006,-10.863,1.421,0.153,16.39,29.0,42.885,30.16,15.54,6820.16
CALL,SPXW  260414C06795000,SPXW 04/14/2026 6795.00 C,6795.0,2026-04-14,39.4,39.3,7,39.5,12,39.4,1,476,675,0.65,0.006,-11.413,1.463,0.147,16.041,29.0,39.085,25.16,14.24,6820.16
CALL,SPXW  260414C06800000,SPXW 04/14/2026 6800.00 C,6800.0,2026-04-14,35.7,35.6,15,35.8,12,36.04,1,1386,884,0.623,0.006,-11.877,1.501,0.141,15.681,29.0,35.385,20.16,15.88,6820.16
CALL,SPXW  260414C06805000,SPXW 04/14/2026 6805.00 C,6805.0,2026-04-14,32.2,32.1,9,32.3,13,32.71,1,275,516,0.593,0.006,-12.282,1.532,0.135,15.368,29.0,31.885,15.16,17.55,6820.16
CALL,SPXW  260414C06810000,SPXW 04/14/2026 6810.00 C,6810.0,2026-04-14,28.8,28.7,19,28.9,15,29.3,2,690,914,0.563,0.007,-12.511,1.556,0.128,15.025,29.0,28.476,10.16,19.14,6820.16
CALL,SPXW  260414C06815000,SPXW 04/14/2026 6815.00 C,6815.0,2026-04-14,25.6,25.5,23,25.7,15,28.07,1,314,1016,0.53,0.007,-12.538,1.572,0.12,14.651,29.0,25.176,5.16,22.91,6820.16
CALL,SPXW  260414C06820000,SPXW 04/14/2026 6820.00 C,6820.0,2026-04-14,22.6,22.5,17,22.7,23,22.9,2,788,1694,0.495,0.007,-12.905,1.576,0.113,14.882,29.0,23.0,0.16,22.74,6820.16
CALL,SPXW  260414C06825000,SPXW 04/14/2026 6825.00 C,6825.0,2026-04-14,19.7,19.6,41,19.8,17,20.2,1,688,1234,0.461,0.007,-12.525,1.568,0.105,14.546,29.0,20.091,-4.84,25.04,6820.16
CALL,SPXW  260414C06830000,SPXW 04/14/2026 6830.00 C,6830.0,2026-04-14,17.1,17.0,41,17.2,20,17.34,2,588,928,0.425,0.007,-11.931,1.548,0.097,14.223,29.0,17.391,-9.84,27.18,6820.16
CALL,SPXW  260414C06835000,SPXW 04/14/2026 6835.00 C,6835.0,2026-04-14,14.7,14.6,41,14.8,26,14.88,2,248,566,0.388,0.007,-11.19,1.514,0.088,13.975,29.0,15.0,-14.84,29.72,6820.16
CALL,SPXW  260414C06840000,SPXW 04/14/2026 6840.00 C,6840.0,2026-04-14,12.5,12.4,60,12.6,29,12.68,2,902,981,0.352,0.007,-10.261,1.466,0.08,13.73,29.0,12.8,-19.84,32.52,6820.16
CALL,SPXW  260414C06845000,SPXW 04/14/2026 6845.00 C,6845.0,2026-04-14,10.6,10.5,53,10.7,48,10.72,2,214,622,0.315,0.007,-9.193,1.403,0.072,13.488,29.0,10.8,-24.84,35.56,6820.16
CALL,SPXW  260414C06850000,SPXW 04/14/2026 6850.00 C,6850.0,2026-04-14,8.9,8.8,72,9.0,49,8.97,10,2211,2583,0.28,0.006,-8.118,1.33,0.064,13.323,29.0,9.1,-29.84,38.81,6820.16
CALL,SPXW  260414C06855000,SPXW 04/14/2026 6855.00 C,6855.0,2026-04-14,7.45,7.4,1,7.5,46,7.63,1,220,735,0.247,0.006,-7.03,1.247,0.056,13.171,29.0,7.6,-34.84,42.47,6820.16
CALL,SPXW  260414C06860000,SPXW 04/14/2026 6860.00 C,6860.0,2026-04-14,6.15,6.1,73,6.2,12,6.3,12,447,1260,0.216,0.006,-6.025,1.157,0.049,13.082,29.0,6.345,-39.84,46.14,6820.16
CALL,SPXW  260414C06865000,SPXW 04/14/2026 6865.00 C,6865.0,2026-04-14,5.1,5.0,119,5.2,89,5.23,1,187,983,0.186,0.005,-5.029,1.059,0.042,12.943,29.0,5.196,-44.84,50.07,6820.16
CALL,SPXW  260414C06870000,SPXW 04/14/2026 6870.00 C,6870.0,2026-04-14,4.25,4.2,25,4.3,94,4.26,10,260,987,0.161,0.005,-4.209,0.964,0.037,12.9,29.0,4.296,-49.84,54.1,6820.16
CALL,SPXW  260414C06875000,SPXW 04/14/2026 6875.00 C,6875.0,2026-04-14,3.5,3.4,186,3.6,117,3.6,1,1919,2192,0.138,0.004,-3.503,0.87,0.031,12.886,29.0,3.546,-54.84,58.44,6820.16
CALL,SPXW  260414C06880000,SPXW 04/14/2026 6880.00 C,6880.0,2026-04-14,2.9,2.85,79,2.95,111,3.0,1,335,1547,0.118,0.004,-2.924,0.781,0.027,12.924,29.0,2.946,-59.84,62.84,6820.16
CALL,SPXW  260414C06885000,SPXW 04/14/2026 6885.00 C,6885.0,2026-04-14,2.42,2.4,7,2.45,122,2.45,3,177,837,0.101,0.003,-2.439,0.698,0.023,12.979,29.0,2.45,-64.84,67.29,6820.16
CALL,SPXW  260414C06890000,SPXW 04/14/2026 6890.00 C,6890.0,2026-04-14,2.03,2.0,7,2.05,96,2.02,2,341,1034,0.087,0.003,-2.045,0.623,0.02,13.073,29.0,2.05,-69.84,71.86,6820.16
CALL,SPXW  260414C06895000,SPXW 04/14/2026 6895.00 C,6895.0,2026-04-14,1.67,1.65,21,1.7,48,1.82,8,267,502,0.074,0.003,-1.698,0.551,0.017,13.148,29.0,1.7,-74.84,76.66,6820.16
CALL,SPXW  260414C06900000,SPXW 04/14/2026 6900.00 C,6900.0,2026-04-14,1.42,1.4,13,1.45,74,1.44,31,2137,1249,0.063,0.002,-1.424,0.488,0.014,13.264,29.0,1.425,-79.84,81.28,6820.16
CALL,SPXW  260414C06905000,SPXW 04/14/2026 6905.00 C,6905.0,2026-04-14,1.17,1.15,52,1.2,9,1.2,1,299,575,0.054,0.002,-1.199,0.432,0.012,13.398,29.0,1.2,-84.84,86.04,6820.16
CALL,SPXW  260414C06910000,SPXW 04/14/2026 6910.00 C,6910.0,2026-04-14,1.0,0.95,392,1.05,110,1.02,2,886,653,0.046,0.002,-1.0,0.379,0.01,13.507,29.0,1.0,-89.84,90.86,6820.16
CALL,SPXW  260414C06915000,SPXW 04/14/2026 6915.00 C,6915.0,2026-04-14,0.85,0.8,199,0.9,167,0.95,1,233,1007,0.039,0.002,-0.85,0.335,0.009,13.671,29.0,0.85,-94.84,95.79,6820.16
CALL,SPXW  260414C06920000,SPXW 04/14/2026 6920.00 C,6920.0,2026-04-14,0.73,0.7,35,0.75,110,0.74,31,266,418,0.034,0.001,-0.725,0.296,0.008,13.842,29.0,0.725,-99.84,100.58,6820.16
CALL,SPXW  260414C06925000,SPXW 04/14/2026 6925.00 C,6925.0,2026-04-14,0.6,0.55,441,0.65,234,0.6,2,1858,617,0.028,0.001,-0.6,0.257,0.006,13.941,29.0,0.6,-104.84,105.44,6820.16
CALL,SPXW  260414C06930000,SPXW 04/14/2026 6930.00 C,6930.0,2026-04-14,0.53,0.5,45,0.55,184,0.56,1,209,233,0.025,0.001,-0.525,0.23,0.006,14.17,29.0,0.525,-109.84,110.4,6820.16
CALL,SPXW  260414C06935000,SPXW 04/14/2026 6935.00 C,6935.0,2026-04-14,0.45,0.4,206,0.5,217,0.45,1,325,739,0.021,0.001,-0.45,0.203,0.005,14.349,29.0,0.45,-114.84,115.29,6820.16
CALL,SPXW  260414C06940000,SPXW 04/14/2026 6940.00 C,6940.0,2026-04-14,0.38,0.35,71,0.4,108,0.4,2,1735,1769,0.018,0.001,-0.375,0.176,0.004,14.463,29.0,0.375,-119.84,120.24,6820.16
CALL,SPXW  260414C06945000,SPXW 04/14/2026 6945.00 C,6945.0,2026-04-14,0.32,0.3,70,0.35,158,0.31,1,292,2219,0.016,0.001,-0.325,0.156,0.004,14.661,29.0,0.325,-124.84,125.15,6820.16
CALL,SPXW  260414C06950000,SPXW 04/14/2026 6950.00 C,6950.0,2026-04-14,0.28,0.25,85,0.3,186,0.3,1,7078,9179,0.013,0.001,-0.275,0.136,0.003,14.807,29.0,0.275,-129.84,130.14,6820.16
CALL,SPXW  260414C06955000,SPXW 04/14/2026 6955.00 C,6955.0,2026-04-14,0.23,0.2,347,0.25,175,0.3,10,466,85,0.011,0.0,-0.225,0.116,0.003,14.888,29.0,0.225,-134.84,135.14,6820.16
CALL,SPXW  260414C06960000,SPXW 04/14/2026 6960.00 C,6960.0,2026-04-14,0.18,0.15,563,0.2,50,0.2,14,5148,476,0.009,0.0,-0.175,0.095,0.002,14.878,29.0,0.175,-139.84,140.04,6820.16
CALL,SPXW  260414C06965000,SPXW 04/14/2026 6965.00 C,6965.0,2026-04-14,0.18,0.15,262,0.2,138,0.17,1,257,2701,0.009,0.0,-0.175,0.093,0.002,15.335,29.0,0.175,-144.84,145.01,6820.16
CALL,SPXW  260414C06970000,SPXW 04/14/2026 6970.00 C,6970.0,2026-04-14,0.15,0.1,584,0.2,189,0.2,1,196,98,0.007,0.0,-0.15,0.082,0.002,15.503,29.0,0.15,-149.84,150.04,6820.16
CALL,SPXW  260414C06975000,SPXW 04/14/2026 6975.00 C,6975.0,2026-04-14,0.15,0.1,509,0.2,304,0.15,1,1947,182,0.007,0.0,-0.15,0.08,0.002,15.949,29.0,0.15,-154.84,154.99,6820.16
CALL,SPXW  260414C06980000,SPXW 04/14/2026 6980.00 C,6980.0,2026-04-14,0.13,0.1,259,0.15,146,0.15,6,377,203,0.006,0.0,-0.125,0.068,0.001,16.047,29.0,0.125,-159.84,159.99,6820.16
CALL,SPXW  260414C06985000,SPXW 04/14/2026 6985.00 C,6985.0,2026-04-14,0.13,0.1,100,0.15,197,0.16,1,135,36,0.006,0.0,-0.125,0.067,0.001,16.482,29.0,0.125,-164.84,165.0,6820.16
CALL,SPXW  260414C06990000,SPXW 04/14/2026 6990.00 C,6990.0,2026-04-14,0.13,0.1,2,0.15,195,0.15,10,439,87,0.006,0.0,-0.125,0.066,0.001,16.916,29.0,0.125,-169.84,169.99,6820.16
CALL,SPXW  260414C06995000,SPXW 04/14/2026 6995.00 C,6995.0,2026-04-14,0.1,0.05,790,0.15,300,0.15,1,217,47,0.005,0.0,-0.1,0.055,0.001,16.928,29.0,0.1,-174.84,174.99,6820.16
CALL,SPXW  260414C07000000,SPXW 04/14/2026 7000.00 C,7000.0,2026-04-14,0.1,0.05,675,0.15,538,0.1,2,2606,733,0.004,0.0,-0.075,0.043,0.001,16.834,29.0,0.075,-179.84,179.94,6820.16
CALL,SPXW  260414C07005000,SPXW 04/14/2026 7005.00 C,7005.0,2026-04-14,0.08,0.05,771,0.1,73,0.12,1,190,39,0.004,0.0,-0.075,0.043,0.001,17.245,29.0,0.075,-184.84,184.96,6820.16
CALL,SPXW  260414C07010000,SPXW 04/14/2026 7010.00 C,7010.0,2026-04-14,0.08,0.05,582,0.1,116,0.12,1,240,12,0.004,0.0,-0.075,0.042,0.001,17.655,29.0,0.075,-189.84,189.96,6820.16
CALL,SPXW  260414C07015000,SPXW 04/14/2026 7015.00 C,7015.0,2026-04-14,0.13,0.1,1,0.15,512,0.07,2,149,5,0.005,0.0,-0.125,0.06,0.001,19.063,29.0,0.125,-194.84,194.91,6820.16
CALL,SPXW  260414C07020000,SPXW 04/14/2026 7020.00 C,7020.0,2026-04-14,0.08,0.05,376,0.1,116,0.07,1,1012,589,0.003,0.0,-0.075,0.04,0.001,18.471,29.0,0.075,-199.84,199.91,6820.16
CALL,SPXW  260414C07025000,SPXW 04/14/2026 7025.00 C,7025.0,2026-04-14,0.08,0.05,226,0.1,186,0.15,1,1049,551,0.003,0.0,-0.075,0.04,0.001,18.877,29.0,0.075,-204.84,204.99,6820.16
CALL,SPXW  260414C07030000,SPXW 04/14/2026 7030.00 C,7030.0,2026-04-14,0.08,0.05,136,0.1,106,0.07,20,836,614,0.003,0.0,-0.075,0.039,0.001,19.282,29.0,0.075,-209.84,209.91,6820.16
CALL,SPXW  260414C07035000,SPXW 04/14/2026 7035.00 C,7035.0,2026-04-14,0.08,0.05,87,0.1,140,0.05,1,0,4,0.003,0.0,-0.075,0.038,0.001,19.686,29.0,0.075,-214.84,214.89,6820.16
CALL,SPXW  260414C07040000,SPXW 04/14/2026 7040.00 C,7040.0,2026-04-14,0.08,0.05,115,0.1,142,0.07,7,235,41,0.003,0.0,-0.075,0.038,0.001,20.089,29.0,0.075,-219.84,219.91,6820.16
CALL,SPXW  260414C07045000,SPXW 04/14/2026 7045.00 C,7045.0,2026-04-14,0.08,0.05,135,0.1,129,0.08,300,0,2020,0.003,0.0,-0.075,0.037,0.001,20.491,29.0,0.075,-224.84,224.92,6820.16
CALL,SPXW  260414C07050000,SPXW 04/14/2026 7050.00 C,7050.0,2026-04-14,0.08,0.05,100,0.1,159,0.07,2,831,7579,0.003,0.0,-0.075,0.036,0.001,20.891,29.0,0.075,-229.84,229.91,6820.16
CALL,SPXW  260414C07055000,SPXW 04/14/2026 7055.00 C,7055.0,2026-04-14,0.08,0.05,88,0.1,238,0.03,11,0,32,0.003,0.0,-0.075,0.036,0.001,21.291,29.0,0.075,-234.84,234.87,6820.16
CALL,SPXW  260414C07060000,SPXW 04/14/2026 7060.00 C,7060.0,2026-04-14,0.08,0.05,88,0.1,236,0.07,2,86,2,0.003,0.0,-0.075,0.035,0.001,21.69,29.0,0.075,-239.84,239.91,6820.16
CALL,SPXW  260414C07065000,SPXW 04/14/2026 7065.00 C,7065.0,2026-04-14,0.08,0.05,99,0.1,238,0.09,296,0,2570,0.003,0.0,-0.075,0.035,0.001,22.088,29.0,0.075,-244.84,244.93,6820.16
CALL,SPXW  260414C07070000,SPXW 04/14/2026 7070.00 C,7070.0,2026-04-14,0.08,0.05,87,0.1,257,0.06,1,28,4,0.003,0.0,-0.075,0.034,0.001,22.485,29.0,0.075,-249.84,249.9,6820.16
CALL,SPXW  260414C07075000,SPXW 04/14/2026 7075.00 C,7075.0,2026-04-14,0.08,0.05,87,0.1,276,0.07,1,512,3,0.003,0.0,-0.075,0.034,0.001,22.88,29.0,0.075,-254.84,254.91,6820.16
CALL,SPXW  260414C07080000,SPXW 04/14/2026 7080.00 C,7080.0,2026-04-14,0.08,0.05,87,0.1,232,0.07,3,16,5,0.003,0.0,-0.075,0.033,0.001,23.275,29.0,0.075,-259.84,259.91,6820.16
CALL,SPXW  260414C07085000,SPXW 04/14/2026 7085.00 C,7085.0,2026-04-14,0.08,0.05,2,0.1,233,0.05,2,0,5,0.003,0.0,-0.075,0.033,0.001,23.67,29.0,0.075,-264.84,264.89,6820.16
CALL,SPXW  260414C07090000,SPXW 04/14/2026 7090.00 C,7090.0,2026-04-14,0.08,0.05,2,0.1,234,0.0,0,0,0,0.003,0.0,-0.075,0.032,0.001,24.063,29.0,0.075,-269.84,269.84,6820.16
CALL,SPXW  260414C07095000,SPXW 04/14/2026 7095.00 C,7095.0,2026-04-14,0.08,0.05,2,0.1,391,0.0,0,0,0,0.003,0.0,-0.075,0.032,0.001,24.455,29.0,0.075,-274.84,274.84,6820.16
CALL,SPXW  260414C07100000,SPXW 04/14/2026 7100.00 C,7100.0,2026-04-14,0.08,0.05,10,0.1,435,0.1,1,539,63,0.003,0.0,-0.075,0.031,0.001,24.847,29.0,0.075,-279.84,279.94,6820.16
CALL,SPXW  260414C07125000,SPXW 04/14/2026 7125.00 C,7125.0,2026-04-14,0.03,0.0,0,0.05,48,0.05,2,247,5,0.001,0.0,-0.025,0.013,0.0,24.335,29.0,0.025,-304.84,304.89,6820.16
CALL,SPXW  260414C07150000,SPXW 04/14/2026 7150.00 C,7150.0,2026-04-14,0.03,0.0,0,0.05,48,0.05,2,205,2,0.001,0.0,-0.025,0.012,0.0,26.111,29.0,0.025,-329.84,329.89,6820.16
CALL,SPXW  260414C07175000,SPXW 04/14/2026 7175.00 C,7175.0,2026-04-14,0.05,0.0,0,0.1,586,0.05,24,217,79,0.001,0.0,-0.025,0.011,0.0,27.872,29.0,0.025,-354.84,354.89,6820.16
CALL,SPXW  260414C07200000,SPXW 04/14/2026 7200.00 C,7200.0,2026-04-14,0.05,0.0,0,0.1,633,0.05,51,574,100,0.001,0.0,-0.05,0.019,0.0,31.38,29.0,0.05,-379.84,379.89,6820.16
CALL,SPXW  260414C07225000,SPXW 04/14/2026 7225.00 C,7225.0,2026-04-14,0.03,0.0,0,0.05,272,0.05,47,969,0,0.001,0.0,-0.025,0.01,0.0,31.349,29.0,0.025,-404.84,404.89,6820.16
CALL,SPXW  260414C07250000,SPXW 04/14/2026 7250.00 C,7250.0,2026-04-14,0.03,0.0,0,0.05,241,0.14,2,209,0,0.001,0.0,-0.025,0.01,0.0,33.068,29.0,0.025,-429.84,429.98,6820.16
CALL,SPXW  260414C07275000,SPXW 04/14/2026 7275.00 C,7275.0,2026-04-14,0.03,0.0,0,0.05,245,0.0,0,0,0,0.001,0.0,-0.025,0.009,0.0,34.773,29.0,0.025,-454.84,454.84,6820.16
CALL,SPXW  260414C07300000,SPXW 04/14/2026 7300.00 C,7300.0,2026-04-14,0.03,0.0,0,0.05,1533,0.05,1,93,0,0.001,0.0,-0.025,0.009,0.0,36.467,29.0,0.025,-479.84,479.89,6820.16
CALL,SPXW  260414C07400000,SPXW 04/14/2026 7400.00 C,7400.0,2026-04-14,0.03,0.0,0,0.05,2001,0.15,7,803,0,0.001,0.0,-0.025,0.008,0.0,43.13,29.0,0.025,-579.84,579.99,6820.16
CALL,SPXW  260414C07500000,SPXW 04/14/2026 7500.00 C,7500.0,2026-04-14,0.03,0.0,0,0.05,2428,0.1,1,25,0,0.0,0.0,-0.025,0.007,0.0,49.639,29.0,0.025,-679.84,679.94,6820.16
CALL,SPXW  260414C07600000,SPXW 04/14/2026 7600.00 C,7600.0,2026-04-14,0.03,0.0,0,0.05,781,0.05,1,23,0,0.0,0.0,-0.025,0.006,0.0,55.973,29.0,0.025,-779.84,779.89,6820.16
CALL,SPXW  260414C07800000,SPXW 04/14/2026 7800.00 C,7800.0,2026-04-14,0.03,0.0,0,0.05,947,0.1,2,8,0,0.0,0.0,-0.025,0.005,0.0,68.274,29.0,0.025,-979.84,979.94,6820.16
CALL,SPXW  260414C08000000,SPXW 04/14/2026 8000.00 C,8000.0,2026-04-14,0.03,0.0,0,0.05,7612,0.0,0,0,0,0.0,0.0,-0.025,0.005,0.0,80.102,29.0,0.025,-1179.84,1179.84,6820.16
CALL,SPXW  260414C08200000,SPXW 04/14/2026 8200.00 C,8200.0,2026-04-14,0.03,0.0,0,0.05,1152,0.0,0,1,0,0.0,0.0,-0.025,0.004,0.0,91.524,29.0,0.025,-1379.84,1379.84,6820.16
CALL,SPXW  260414C08400000,SPXW 04/14/2026 8400.00 C,8400.0,2026-04-14,0.03,0.0,0,0.05,1176,0.0,0,0,0,0.0,0.0,-0.025,0.004,0.0,102.547,29.0,0.025,-1579.84,1579.84,6820.16
CALL,SPXW  260414C08600000,SPXW 04/14/2026 8600.00 C,8600.0,2026-04-14,0.03,0.0,0,0.05,1195,0.0,0,0,0,0.0,0.0,-0.025,0.003,0.0,113.265,29.0,0.025,-1779.84,1779.84,6820.16
CALL,SPXW  260414C08800000,SPXW 04/14/2026 8800.00 C,8800.0,2026-04-14,0.03,0.0,0,0.05,13682,0.1,1,2,0,0.0,0.0,-0.025,0.003,0.0,123.621,29.0,0.025,-1979.84,1979.94,6820.16
PUT,SPXW  260414P02600000,SPXW 04/14/2026 2600.00 P,2600.0,2026-04-14,0.03,0.0,0,0.05,3006,0.1,1,200,0,0.0,0.0,-0.025,0.001,0.0,447.246,29.0,0.025,-4220.16,4220.26,6820.16
PUT,SPXW  260414P02800000,SPXW 04/14/2026 2800.00 P,2800.0,2026-04-14,0.03,0.0,0,0.05,932,0.13,12,13,0,0.0,0.0,-0.025,0.001,0.0,414.202,29.0,0.025,-4020.16,4020.29,6820.16
PUT,SPXW  260414P03000000,SPXW 04/14/2026 3000.00 P,3000.0,2026-04-14,0.03,0.0,0,0.05,929,0.05,1,63,0,0.0,0.0,-0.025,0.001,0.0,383.044,29.0,0.025,-3820.16,3820.21,6820.16
PUT,SPXW  260414P03200000,SPXW 04/14/2026 3200.00 P,3200.0,2026-04-14,0.03,0.0,0,0.05,921,0.0,0,0,0,0.0,0.0,-0.025,0.001,0.0,353.872,29.0,0.025,-3620.16,3620.16,6820.16
PUT,SPXW  260414P03400000,SPXW 04/14/2026 3400.00 P,3400.0,2026-04-14,0.03,0.0,0,0.05,911,0.1,19,125,0,0.0,0.0,-0.025,0.001,0.0,326.433,29.0,0.025,-3420.16,3420.26,6820.16
PUT,SPXW  260414P03600000,SPXW 04/14/2026 3600.00 P,3600.0,2026-04-14,0.03,0.0,0,0.05,906,0.05,5,427,0,0.0,0.0,-0.025,0.001,0.0,300.996,29.0,0.025,-3220.16,3220.21,6820.16
PUT,SPXW  260414P03800000,SPXW 04/14/2026 3800.00 P,3800.0,2026-04-14,0.03,0.0,0,0.05,893,0.05,5,1017,0,0.0,0.0,-0.025,0.001,0.0,276.494,29.0,0.025,-3020.16,3020.21,6820.16
PUT,SPXW  260414P04000000,SPXW 04/14/2026 4000.00 P,4000.0,2026-04-14,0.03,0.0,0,0.05,880,0.05,2,316,0,0.0,0.0,-0.025,0.002,0.0,253.218,29.0,0.025,-2820.16,2820.21,6820.16
PUT,SPXW  260414P04200000,SPXW 04/14/2026 4200.00 P,4200.0,2026-04-14,0.03,0.0,0,0.05,880,0.05,1,577,0,0.0,0.0,-0.025,0.002,0.0,230.989,29.0,0.025,-2620.16,2620.21,6820.16
PUT,SPXW  260414P04400000,SPXW 04/14/2026 4400.00 P,4400.0,2026-04-14,0.03,0.0,0,0.05,921,0.05,1,1291,1,0.0,0.0,-0.025,0.002,0.0,209.771,29.0,0.025,-2420.16,2420.21,6820.16
PUT,SPXW  260414P04600000,SPXW 04/14/2026 4600.00 P,4600.0,2026-04-14,0.03,0.0,0,0.05,912,0.03,50,582,0,0.0,0.0,-0.025,0.002,0.0,189.474,29.0,0.025,-2220.16,2220.19,6820.16
PUT,SPXW  260414P04800000,SPXW 04/14/2026 4800.00 P,4800.0,2026-04-14,0.03,0.0,0,0.05,861,0.03,1,2503,1,0.0,0.0,-0.025,0.002,0.0,170.083,29.0,0.025,-2020.16,2020.19,6820.16
PUT,SPXW  260414P05000000,SPXW 04/14/2026 5000.00 P,5000.0,2026-04-14,0.03,0.0,0,0.05,813,0.03,2,1202,0,0.0,0.0,-0.025,0.003,0.0,151.324,29.0,0.025,-1820.16,1820.19,6820.16
PUT,SPXW  260414P05100000,SPXW 04/14/2026 5100.00 P,5100.0,2026-04-14,0.03,0.0,0,0.05,763,0.05,20,3519,0,0.0,0.0,-0.025,0.003,0.0,142.219,29.0,0.025,-1720.16,1720.21,6820.16
PUT,SPXW  260414P05200000,SPXW 04/14/2026 5200.00 P,5200.0,2026-04-14,0.03,0.0,0,0.05,758,0.05,4,2731,0,0.0,0.0,-0.025,0.003,0.0,133.205,29.0,0.025,-1620.16,1620.21,6820.16
PUT,SPXW  260414P05300000,SPXW 04/14/2026 5300.00 P,5300.0,2026-04-14,0.03,0.0,0,0.05,694,0.03,1,11655,2,0.0,0.0,-0.025,0.003,0.0,124.294,29.0,0.025,-1520.16,1520.19,6820.16
PUT,SPXW  260414P05400000,SPXW 04/14/2026 5400.00 P,5400.0,2026-04-14,0.03,0.0,0,0.05,1369,0.05,2,1423,0,0.0,0.0,-0.025,0.003,0.0,115.593,29.0,0.025,-1420.16,1420.21,6820.16
PUT,SPXW  260414P05475000,SPXW 04/14/2026 5475.00 P,5475.0,2026-04-14,0.03,0.0,0,0.05,442,0.15,1,496,0,0.0,0.0,-0.025,0.003,0.0,109.176,29.0,0.025,-1345.16,1345.31,6820.16
PUT,SPXW  260414P05500000,SPXW 04/14/2026 5500.00 P,5500.0,2026-04-14,0.03,0.0,0,0.05,1233,0.05,2,472,0,0.0,0.0,-0.025,0.003,0.0,107.056,29.0,0.025,-1320.16,1320.21,6820.16
PUT,SPXW  260414P05525000,SPXW 04/14/2026 5525.00 P,5525.0,2026-04-14,0.03,0.0,0,0.05,244,0.2,1,70,0,0.0,0.0,-0.025,0.004,0.0,104.947,29.0,0.025,-1295.16,1295.36,6820.16
PUT,SPXW  260414P05550000,SPXW 04/14/2026 5550.00 P,5550.0,2026-04-14,0.03,0.0,0,0.05,242,0.07,12,361,0,0.0,0.0,-0.025,0.004,0.0,102.844,29.0,0.025,-1270.16,1270.23,6820.16
PUT,SPXW  260414P05575000,SPXW 04/14/2026 5575.00 P,5575.0,2026-04-14,0.03,0.0,0,0.05,241,0.35,1,129,0,0.0,0.0,-0.025,0.004,0.0,100.677,29.0,0.025,-1245.16,1245.51,6820.16
PUT,SPXW  260414P05600000,SPXW 04/14/2026 5600.00 P,5600.0,2026-04-14,0.03,0.0,0,0.05,1073,0.05,1,509,1,0.0,0.0,-0.025,0.004,0.0,98.571,29.0,0.025,-1220.16,1220.21,6820.16
PUT,SPXW  260414P05625000,SPXW 04/14/2026 5625.00 P,5625.0,2026-04-14,0.03,0.0,0,0.05,121,0.1,1,565,0,0.0,0.0,-0.025,0.004,0.0,96.519,29.0,0.025,-1195.16,1195.26,6820.16
PUT,SPXW  260414P05650000,SPXW 04/14/2026 5650.00 P,5650.0,2026-04-14,0.03,0.0,0,0.05,77,0.05,1,571,78,0.0,0.0,-0.025,0.004,0.0,94.406,29.0,0.025,-1170.16,1170.21,6820.16
PUT,SPXW  260414P05675000,SPXW 04/14/2026 5675.00 P,5675.0,2026-04-14,0.03,0.0,0,0.05,96,0.05,1,265,107,0.0,0.0,-0.025,0.004,0.0,92.309,29.0,0.025,-1145.16,1145.21,6820.16
PUT,SPXW  260414P05700000,SPXW 04/14/2026 5700.00 P,5700.0,2026-04-14,0.05,0.0,0,0.1,739,0.05,10,760,20,-0.001,0.0,-0.05,0.007,0.0,94.843,29.0,0.05,-1120.16,1120.21,6820.16
PUT,SPXW  260414P05725000,SPXW 04/14/2026 5725.00 P,5725.0,2026-04-14,0.05,0.0,0,0.1,692,0.05,10,91,420,-0.001,0.0,-0.05,0.007,0.0,92.711,29.0,0.05,-1095.16,1095.21,6820.16
PUT,SPXW  260414P05750000,SPXW 04/14/2026 5750.00 P,5750.0,2026-04-14,0.05,0.0,0,0.1,642,0.05,25,216,1143,-0.001,0.0,-0.05,0.007,0.0,90.53,29.0,0.05,-1070.16,1070.21,6820.16
PUT,SPXW  260414P05775000,SPXW 04/14/2026 5775.00 P,5775.0,2026-04-14,0.05,0.0,0,0.1,594,0.05,1,633,61,-0.001,0.0,-0.05,0.008,0.0,88.443,29.0,0.05,-1045.16,1045.21,6820.16
PUT,SPXW  260414P05800000,SPXW 04/14/2026 5800.00 P,5800.0,2026-04-14,0.08,0.05,28,0.1,549,0.05,10,605,14,-0.001,0.0,-0.075,0.011,0.0,89.012,29.0,0.075,-1020.16,1020.21,6820.16
PUT,SPXW  260414P05825000,SPXW 04/14/2026 5825.00 P,5825.0,2026-04-14,0.05,0.0,0,0.1,499,0.05,1,606,2,-0.001,0.0,-0.05,0.008,0.0,84.126,29.0,0.05,-995.16,995.21,6820.16
PUT,SPXW  260414P05850000,SPXW 04/14/2026 5850.00 P,5850.0,2026-04-14,0.08,0.05,1,0.1,449,0.05,1,1153,2,-0.001,0.0,-0.075,0.011,0.0,84.632,29.0,0.075,-970.16,970.21,6820.16
PUT,SPXW  260414P05875000,SPXW 04/14/2026 5875.00 P,5875.0,2026-04-14,0.08,0.05,25,0.1,401,0.05,3,3126,3,-0.001,0.0,-0.075,0.011,0.0,82.465,29.0,0.075,-945.16,945.21,6820.16
PUT,SPXW  260414P05900000,SPXW 04/14/2026 5900.00 P,5900.0,2026-04-14,0.08,0.05,76,0.1,351,0.19,6,519,0,-0.001,0.0,-0.075,0.012,0.0,80.271,29.0,0.075,-920.16,920.35,6820.16
PUT,SPXW  260414P05925000,SPXW 04/14/2026 5925.00 P,5925.0,2026-04-14,0.08,0.05,83,0.1,190,0.2,1,113,0,-0.001,0.0,-0.075,0.012,0.0,78.104,29.0,0.075,-895.16,895.36,6820.16
PUT,SPXW  260414P05950000,SPXW 04/14/2026 5950.00 P,5950.0,2026-04-14,0.08,0.05,66,0.1,287,0.1,1,699,7,-0.001,0.0,-0.075,0.012,0.0,75.937,29.0,0.075,-870.16,870.26,6820.16
PUT,SPXW  260414P05975000,SPXW 04/14/2026 5975.00 P,5975.0,2026-04-14,0.08,0.05,218,0.1,171,0.1,2,575,7,-0.001,0.0,-0.075,0.012,0.0,73.778,29.0,0.075,-845.16,845.26,6820.16
PUT,SPXW  260414P06000000,SPXW 04/14/2026 6000.00 P,6000.0,2026-04-14,0.1,0.05,495,0.15,758,0.1,2,1120,10,-0.001,0.0,-0.1,0.016,0.0,73.373,29.0,0.1,-820.16,820.26,6820.16
PUT,SPXW  260414P06025000,SPXW 04/14/2026 6025.00 P,6025.0,2026-04-14,0.1,0.05,595,0.15,629,0.1,1,300,1,-0.001,0.0,-0.1,0.016,0.0,71.179,29.0,0.1,-795.16,795.26,6820.16
PUT,SPXW  260414P06030000,SPXW 04/14/2026 6030.00 P,6030.0,2026-04-14,0.1,0.05,571,0.15,598,0.1,1,157,1,-0.001,0.0,-0.1,0.016,0.0,70.741,29.0,0.1,-790.16,790.26,6820.16
PUT,SPXW  260414P06040000,SPXW 04/14/2026 6040.00 P,6040.0,2026-04-14,0.1,0.05,570,0.15,567,0.1,1,385,1,-0.001,0.0,-0.1,0.017,0.0,69.867,29.0,0.1,-780.16,780.26,6820.16
PUT,SPXW  260414P06050000,SPXW 04/14/2026 6050.00 P,6050.0,2026-04-14,0.1,0.05,676,0.15,562,0.1,1,529,4,-0.001,0.0,-0.1,0.017,0.0,68.993,29.0,0.1,-770.16,770.26,6820.16
PUT,SPXW  260414P06060000,SPXW 04/14/2026 6060.00 P,6060.0,2026-04-14,0.1,0.05,680,0.15,511,0.1,1,122,1,-0.001,0.0,-0.1,0.017,0.0,68.122,29.0,0.1,-760.16,760.26,6820.16
PUT,SPXW  260414P06070000,SPXW 04/14/2026 6070.00 P,6070.0,2026-04-14,0.1,0.05,704,0.15,482,0.1,1,149,1,-0.001,0.0,-0.1,0.017,0.0,67.253,29.0,0.1,-750.16,750.26,6820.16
PUT,SPXW  260414P06075000,SPXW 04/14/2026 6075.00 P,6075.0,2026-04-14,0.1,0.05,733,0.15,480,0.1,6,152,6,-0.001,0.0,-0.1,0.017,0.0,66.82,29.0,0.1,-745.16,745.26,6820.16
PUT,SPXW  260414P06080000,SPXW 04/14/2026 6080.00 P,6080.0,2026-04-14,0.1,0.05,737,0.15,457,0.3,2,64,0,-0.001,0.0,-0.1,0.017,0.0,66.388,29.0,0.1,-740.16,740.46,6820.16
PUT,SPXW  260414P06090000,SPXW 04/14/2026 6090.00 P,6090.0,2026-04-14,0.13,0.1,55,0.15,347,0.1,10,93,24,-0.002,0.0,-0.125,0.021,0.0,66.802,29.0,0.125,-730.16,730.26,6820.16
PUT,SPXW  260414P06100000,SPXW 04/14/2026 6100.00 P,6100.0,2026-04-14,0.13,0.1,32,0.15,290,0.22,1,3101,7,-0.002,0.0,-0.125,0.021,0.0,65.918,29.0,0.125,-720.16,720.38,6820.16
PUT,SPXW  260414P06110000,SPXW 04/14/2026 6110.00 P,6110.0,2026-04-14,0.13,0.1,36,0.15,254,0.3,1,98,0,-0.002,0.0,-0.125,0.021,0.0,65.037,29.0,0.125,-710.16,710.46,6820.16
PUT,SPXW  260414P06120000,SPXW 04/14/2026 6120.00 P,6120.0,2026-04-14,0.13,0.1,87,0.15,237,0.15,5,209,5,-0.002,0.0,-0.125,0.022,0.0,64.133,29.0,0.125,-700.16,700.31,6820.16
PUT,SPXW  260414P06125000,SPXW 04/14/2026 6125.00 P,6125.0,2026-04-14,0.13,0.1,146,0.15,241,0.11,1,440,1,-0.002,0.0,-0.125,0.022,0.0,63.69,29.0,0.125,-695.16,695.27,6820.16
PUT,SPXW  260414P06130000,SPXW 04/14/2026 6130.00 P,6130.0,2026-04-14,0.13,0.1,230,0.15,127,0.3,1,267,0,-0.002,0.0,-0.125,0.022,0.0,63.247,29.0,0.125,-690.16,690.46,6820.16
PUT,SPXW  260414P06140000,SPXW 04/14/2026 6140.00 P,6140.0,2026-04-14,0.13,0.1,239,0.15,101,0.15,1,142,1,-0.002,0.0,-0.125,0.022,0.0,62.362,29.0,0.125,-680.16,680.31,6820.16
PUT,SPXW  260414P06150000,SPXW 04/14/2026 6150.00 P,6150.0,2026-04-14,0.13,0.1,389,0.15,142,0.15,1,1476,2,-0.002,0.0,-0.125,0.022,0.0,61.477,29.0,0.125,-670.16,670.31,6820.16
PUT,SPXW  260414P06160000,SPXW 04/14/2026 6160.00 P,6160.0,2026-04-14,0.15,0.1,418,0.2,542,0.15,24,207,24,-0.002,0.0,-0.15,0.026,0.0,61.622,29.0,0.15,-660.16,660.31,6820.16
PUT,SPXW  260414P06170000,SPXW 04/14/2026 6170.00 P,6170.0,2026-04-14,0.15,0.1,409,0.2,506,0.2,1,201,1,-0.002,0.0,-0.15,0.026,0.0,60.725,29.0,0.15,-650.16,650.36,6820.16
PUT,SPXW  260414P06175000,SPXW 04/14/2026 6175.00 P,6175.0,2026-04-14,0.15,0.1,439,0.2,498,0.15,1,537,22,-0.002,0.0,-0.15,0.026,0.0,60.277,29.0,0.15,-645.16,645.31,6820.16
PUT,SPXW  260414P06180000,SPXW 04/14/2026 6180.00 P,6180.0,2026-04-14,0.15,0.1,442,0.2,473,0.15,1,239,20,-0.002,0.0,-0.15,0.027,0.0,59.829,29.0,0.15,-640.16,640.31,6820.16
PUT,SPXW  260414P06185000,SPXW 04/14/2026 6185.00 P,6185.0,2026-04-14,0.15,0.1,459,0.2,454,0.15,1,2,1,-0.002,0.0,-0.15,0.027,0.0,59.382,29.0,0.15,-635.16,635.31,6820.16
PUT,SPXW  260414P06190000,SPXW 04/14/2026 6190.00 P,6190.0,2026-04-14,0.15,0.1,542,0.2,440,0.15,1,243,4,-0.002,0.0,-0.15,0.027,-0.001,58.934,29.0,0.15,-630.16,630.31,6820.16
PUT,SPXW  260414P06195000,SPXW 04/14/2026 6195.00 P,6195.0,2026-04-14,0.15,0.1,560,0.2,424,0.5,1,2,0,-0.002,0.0,-0.15,0.027,-0.001,58.486,29.0,0.15,-625.16,625.66,6820.16
PUT,SPXW  260414P06200000,SPXW 04/14/2026 6200.00 P,6200.0,2026-04-14,0.18,0.15,48,0.2,342,0.2,1,1002,26,-0.003,0.0,-0.175,0.031,-0.001,58.9,29.0,0.175,-620.16,620.36,6820.16
PUT,SPXW  260414P06205000,SPXW 04/14/2026 6205.00 P,6205.0,2026-04-14,0.18,0.15,33,0.2,322,0.4,1,8,0,-0.003,0.0,-0.175,0.031,-0.001,58.447,29.0,0.175,-615.16,615.56,6820.16
PUT,SPXW  260414P06210000,SPXW 04/14/2026 6210.00 P,6210.0,2026-04-14,0.18,0.15,54,0.2,315,0.17,1,210,2,-0.003,0.0,-0.175,0.031,-0.001,57.994,29.0,0.175,-610.16,610.33,6820.16
PUT,SPXW  260414P06215000,SPXW 04/14/2026 6215.00 P,6215.0,2026-04-14,0.18,0.15,54,0.2,224,0.4,1,3,0,-0.003,0.0,-0.175,0.031,-0.001,57.541,29.0,0.175,-605.16,605.56,6820.16
PUT,SPXW  260414P06220000,SPXW 04/14/2026 6220.00 P,6220.0,2026-04-14,0.18,0.15,75,0.2,212,0.17,1,204,2,-0.003,0.0,-0.175,0.032,-0.001,57.088,29.0,0.175,-600.16,600.33,6820.16
PUT,SPXW  260414P06225000,SPXW 04/14/2026 6225.00 P,6225.0,2026-04-14,0.18,0.15,89,0.2,198,0.22,3,196,3,-0.003,0.0,-0.175,0.032,-0.001,56.636,29.0,0.175,-595.16,595.38,6820.16
PUT,SPXW  260414P06230000,SPXW 04/14/2026 6230.00 P,6230.0,2026-04-14,0.18,0.15,88,0.2,139,0.2,21,80,22,-0.003,0.0,-0.175,0.032,-0.001,56.183,29.0,0.175,-590.16,590.36,6820.16
PUT,SPXW  260414P06235000,SPXW 04/14/2026 6235.00 P,6235.0,2026-04-14,0.18,0.15,91,0.2,133,0.55,1,535,0,-0.003,0.0,-0.175,0.032,-0.001,55.731,29.0,0.175,-585.16,585.71,6820.16
PUT,SPXW  260414P06240000,SPXW 04/14/2026 6240.00 P,6240.0,2026-04-14,0.18,0.15,303,0.2,60,0.2,24,102,24,-0.003,0.0,-0.175,0.032,-0.001,55.278,29.0,0.175,-580.16,580.36,6820.16
PUT,SPXW  260414P06245000,SPXW 04/14/2026 6245.00 P,6245.0,2026-04-14,0.2,0.15,344,0.25,515,0.6,1,127,0,-0.003,0.0,-0.2,0.036,-0.001,55.553,29.0,0.2,-575.16,575.76,6820.16
PUT,SPXW  260414P06250000,SPXW 04/14/2026 6250.00 P,6250.0,2026-04-14,0.18,0.15,382,0.2,85,0.17,2,317,128,-0.003,0.0,-0.175,0.033,-0.001,54.373,29.0,0.175,-570.16,570.33,6820.16
PUT,SPXW  260414P06255000,SPXW 04/14/2026 6255.00 P,6255.0,2026-04-14,0.2,0.15,380,0.25,486,0.2,1,101,5,-0.003,0.0,-0.2,0.037,-0.001,54.639,29.0,0.2,-565.16,565.36,6820.16
PUT,SPXW  260414P06260000,SPXW 04/14/2026 6260.00 P,6260.0,2026-04-14,0.2,0.15,443,0.25,463,0.2,2,185,12,-0.003,0.0,-0.2,0.037,-0.001,54.181,29.0,0.2,-560.16,560.36,6820.16
PUT,SPXW  260414P06265000,SPXW 04/14/2026 6265.00 P,6265.0,2026-04-14,0.2,0.15,461,0.25,443,0.22,2,653,2,-0.003,0.0,-0.2,0.037,-0.001,53.724,29.0,0.2,-555.16,555.38,6820.16
PUT,SPXW  260414P06270000,SPXW 04/14/2026 6270.00 P,6270.0,2026-04-14,0.2,0.15,481,0.25,423,0.2,1,165,1,-0.003,0.0,-0.2,0.037,-0.001,53.267,29.0,0.2,-550.16,550.36,6820.16
PUT,SPXW  260414P06275000,SPXW 04/14/2026 6275.00 P,6275.0,2026-04-14,0.2,0.15,513,0.25,357,0.2,6,517,14,-0.003,0.0,-0.2,0.038,-0.001,52.809,29.0,0.2,-545.16,545.36,6820.16
PUT,SPXW  260414P06280000,SPXW 04/14/2026 6280.00 P,6280.0,2026-04-14,0.23,0.2,43,0.25,323,0.25,1,1093,14,-0.003,0.0,-0.225,0.041,-0.001,52.983,29.0,0.225,-540.16,540.41,6820.16
PUT,SPXW  260414P06285000,SPXW 04/14/2026 6285.00 P,6285.0,2026-04-14,0.23,0.2,25,0.25,310,0.15,1,119,13,-0.004,0.0,-0.225,0.042,-0.001,52.522,29.0,0.225,-535.16,535.31,6820.16
PUT,SPXW  260414P06290000,SPXW 04/14/2026 6290.00 P,6290.0,2026-04-14,0.23,0.2,30,0.25,301,0.25,1,112,2,-0.004,0.0,-0.225,0.042,-0.001,52.06,29.0,0.225,-530.16,530.41,6820.16
PUT,SPXW  260414P06295000,SPXW 04/14/2026 6295.00 P,6295.0,2026-04-14,0.23,0.2,43,0.25,279,0.2,1,92,12,-0.004,0.0,-0.225,0.042,-0.001,51.599,29.0,0.225,-525.16,525.36,6820.16
PUT,SPXW  260414P06300000,SPXW 04/14/2026 6300.00 P,6300.0,2026-04-14,0.23,0.2,80,0.25,184,0.25,1,396,83,-0.004,0.0,-0.225,0.043,-0.001,51.136,29.0,0.225,-520.16,520.41,6820.16
PUT,SPXW  260414P06305000,SPXW 04/14/2026 6305.00 P,6305.0,2026-04-14,0.23,0.2,84,0.25,117,0.25,4,35,4,-0.004,0.0,-0.225,0.043,-0.001,50.675,29.0,0.225,-515.16,515.41,6820.16
PUT,SPXW  260414P06310000,SPXW 04/14/2026 6310.00 P,6310.0,2026-04-14,0.23,0.2,162,0.25,85,0.24,2,231,2,-0.004,0.0,-0.225,0.043,-0.001,50.213,29.0,0.225,-510.16,510.4,6820.16
PUT,SPXW  260414P06315000,SPXW 04/14/2026 6315.00 P,6315.0,2026-04-14,0.23,0.2,346,0.25,43,0.25,1,137,3,-0.004,0.0,-0.25,0.047,-0.001,50.303,29.0,0.25,-505.16,505.41,6820.16
PUT,SPXW  260414P06320000,SPXW 04/14/2026 6320.00 P,6320.0,2026-04-14,0.25,0.2,388,0.3,463,0.5,1,110,0,-0.004,0.0,-0.25,0.047,-0.001,49.837,29.0,0.25,-500.16,500.66,6820.16
PUT,SPXW  260414P06325000,SPXW 04/14/2026 6325.00 P,6325.0,2026-04-14,0.25,0.2,416,0.3,454,0.25,1,385,1002,-0.004,0.0,-0.25,0.048,-0.001,49.371,29.0,0.25,-495.16,495.41,6820.16
PUT,SPXW  260414P06330000,SPXW 04/14/2026 6330.00 P,6330.0,2026-04-14,0.25,0.2,408,0.3,422,0.25,1,112,1,-0.004,0.0,-0.25,0.048,-0.001,48.905,29.0,0.25,-490.16,490.41,6820.16
PUT,SPXW  260414P06335000,SPXW 04/14/2026 6335.00 P,6335.0,2026-04-14,0.25,0.2,445,0.3,346,0.25,1,2483,1,-0.004,0.0,-0.25,0.049,-0.001,48.439,29.0,0.25,-485.16,485.41,6820.16
PUT,SPXW  260414P06340000,SPXW 04/14/2026 6340.00 P,6340.0,2026-04-14,0.25,0.2,438,0.3,298,0.27,1,94,2,-0.004,0.0,-0.25,0.049,-0.001,47.973,29.0,0.25,-480.16,480.43,6820.16
PUT,SPXW  260414P06345000,SPXW 04/14/2026 6345.00 P,6345.0,2026-04-14,0.28,0.25,39,0.3,235,0.27,5,45,11,-0.005,0.0,-0.275,0.053,-0.001,47.996,29.0,0.275,-475.16,475.43,6820.16
PUT,SPXW  260414P06350000,SPXW 04/14/2026 6350.00 P,6350.0,2026-04-14,0.28,0.25,38,0.3,340,0.23,1,504,55,-0.005,0.0,-0.275,0.053,-0.001,47.526,29.0,0.275,-470.16,470.39,6820.16
PUT,SPXW  260414P06355000,SPXW 04/14/2026 6355.00 P,6355.0,2026-04-14,0.28,0.25,24,0.3,185,0.27,1,179,1,-0.005,0.0,-0.275,0.054,-0.001,47.056,29.0,0.275,-465.16,465.43,6820.16
PUT,SPXW  260414P06360000,SPXW 04/14/2026 6360.00 P,6360.0,2026-04-14,0.28,0.25,103,0.3,140,0.3,2,115,17,-0.005,0.0,-0.275,0.054,-0.001,46.586,29.0,0.275,-460.16,460.46,6820.16
PUT,SPXW  260414P06365000,SPXW 04/14/2026 6365.00 P,6365.0,2026-04-14,0.28,0.25,160,0.3,168,0.3,1,112,8,-0.005,0.0,-0.275,0.055,-0.001,46.115,29.0,0.275,-455.16,455.46,6820.16
PUT,SPXW  260414P06370000,SPXW 04/14/2026 6370.00 P,6370.0,2026-04-14,0.28,0.25,169,0.3,98,0.3,1,123,7,-0.005,0.0,-0.275,0.055,-0.001,45.645,29.0,0.275,-450.16,450.46,6820.16
PUT,SPXW  260414P06375000,SPXW 04/14/2026 6375.00 P,6375.0,2026-04-14,0.28,0.25,346,0.3,125,0.3,18,387,23,-0.005,0.0,-0.275,0.056,-0.001,45.174,29.0,0.275,-445.16,445.46,6820.16
PUT,SPXW  260414P06380000,SPXW 04/14/2026 6380.00 P,6380.0,2026-04-14,0.3,0.25,348,0.35,429,0.3,1,248,5,-0.005,0.0,-0.3,0.06,-0.001,45.136,29.0,0.3,-440.16,440.46,6820.16
PUT,SPXW  260414P06385000,SPXW 04/14/2026 6385.00 P,6385.0,2026-04-14,0.3,0.25,392,0.35,332,0.32,1,94,1,-0.005,0.0,-0.3,0.06,-0.001,44.661,29.0,0.3,-435.16,435.48,6820.16
PUT,SPXW  260414P06390000,SPXW 04/14/2026 6390.00 P,6390.0,2026-04-14,0.3,0.25,410,0.35,332,0.32,1,184,2,-0.005,0.0,-0.3,0.061,-0.001,44.187,29.0,0.3,-430.16,430.48,6820.16
PUT,SPXW  260414P06395000,SPXW 04/14/2026 6395.00 P,6395.0,2026-04-14,0.3,0.25,412,0.35,296,0.35,20,200,20,-0.005,0.0,-0.3,0.061,-0.001,43.712,29.0,0.3,-425.16,425.51,6820.16
PUT,SPXW  260414P06400000,SPXW 04/14/2026 6400.00 P,6400.0,2026-04-14,0.32,0.3,37,0.35,313,0.3,13,950,65,-0.006,0.0,-0.325,0.065,-0.001,43.63,29.0,0.325,-420.16,420.46,6820.16
PUT,SPXW  260414P06405000,SPXW 04/14/2026 6405.00 P,6405.0,2026-04-14,0.32,0.3,36,0.35,287,0.35,1,71,5,-0.006,0.0,-0.325,0.066,-0.001,43.152,29.0,0.325,-415.16,415.51,6820.16
PUT,SPXW  260414P06410000,SPXW 04/14/2026 6410.00 P,6410.0,2026-04-14,0.32,0.3,26,0.35,211,0.35,1,338,61,-0.006,0.0,-0.325,0.067,-0.001,42.674,29.0,0.325,-410.16,410.51,6820.16
PUT,SPXW  260414P06415000,SPXW 04/14/2026 6415.00 P,6415.0,2026-04-14,0.32,0.3,43,0.35,128,0.3,4,438,439,-0.006,0.0,-0.325,0.067,-0.001,42.195,29.0,0.325,-405.16,405.46,6820.16
PUT,SPXW  260414P06420000,SPXW 04/14/2026 6420.00 P,6420.0,2026-04-14,0.32,0.3,78,0.35,89,0.4,1,274,23,-0.006,0.0,-0.325,0.068,-0.001,41.716,29.0,0.325,-400.16,400.56,6820.16
PUT,SPXW  260414P06425000,SPXW 04/14/2026 6425.00 P,6425.0,2026-04-14,0.35,0.3,82,0.4,440,0.35,10,313,52,-0.007,0.0,-0.35,0.072,-0.002,41.592,29.0,0.35,-395.16,395.51,6820.16
PUT,SPXW  260414P06430000,SPXW 04/14/2026 6430.00 P,6430.0,2026-04-14,0.35,0.3,266,0.4,409,0.4,2,261,38,-0.007,0.0,-0.35,0.073,-0.002,41.11,29.0,0.35,-390.16,390.56,6820.16
PUT,SPXW  260414P06435000,SPXW 04/14/2026 6435.00 P,6435.0,2026-04-14,0.35,0.3,306,0.4,322,0.4,2,371,7,-0.007,0.0,-0.35,0.074,-0.002,40.627,29.0,0.35,-385.16,385.56,6820.16
PUT,SPXW  260414P06440000,SPXW 04/14/2026 6440.00 P,6440.0,2026-04-14,0.35,0.3,349,0.4,319,0.37,1,114,14,-0.007,0.0,-0.35,0.074,-0.002,40.145,29.0,0.35,-380.16,380.53,6820.16
PUT,SPXW  260414P06445000,SPXW 04/14/2026 6445.00 P,6445.0,2026-04-14,0.38,0.35,1,0.4,300,0.42,5,479,431,-0.007,0.0,-0.375,0.079,-0.002,39.986,29.0,0.375,-375.16,375.58,6820.16
PUT,SPXW  260414P06450000,SPXW 04/14/2026 6450.00 P,6450.0,2026-04-14,0.38,0.35,33,0.4,303,0.4,10,755,1536,-0.007,0.0,-0.375,0.08,-0.002,39.5,29.0,0.375,-370.16,370.56,6820.16
PUT,SPXW  260414P06455000,SPXW 04/14/2026 6455.00 P,6455.0,2026-04-14,0.38,0.35,26,0.4,235,0.4,1,219,59,-0.007,0.0,-0.375,0.08,-0.002,39.013,29.0,0.375,-365.16,365.56,6820.16
PUT,SPXW  260414P06460000,SPXW 04/14/2026 6460.00 P,6460.0,2026-04-14,0.38,0.35,37,0.4,174,0.42,1,309,16,-0.007,0.0,-0.375,0.081,-0.002,38.526,29.0,0.375,-360.16,360.58,6820.16
PUT,SPXW  260414P06465000,SPXW 04/14/2026 6465.00 P,6465.0,2026-04-14,0.4,0.35,93,0.45,433,0.55,1390,54,1516,-0.008,0.0,-0.4,0.086,-0.002,38.337,29.0,0.4,-355.16,355.71,6820.16
PUT,SPXW  260414P06470000,SPXW 04/14/2026 6470.00 P,6470.0,2026-04-14,0.4,0.35,254,0.45,368,0.4,25,142,86,-0.008,0.0,-0.4,0.087,-0.002,37.846,29.0,0.4,-350.16,350.56,6820.16
PUT,SPXW  260414P06475000,SPXW 04/14/2026 6475.00 P,6475.0,2026-04-14,0.4,0.35,357,0.45,332,0.4,1,404,1584,-0.008,0.0,-0.4,0.088,-0.002,37.356,29.0,0.4,-345.16,345.56,6820.16
PUT,SPXW  260414P06480000,SPXW 04/14/2026 6480.00 P,6480.0,2026-04-14,0.4,0.35,355,0.45,284,0.4,1,128,16,-0.008,0.0,-0.4,0.089,-0.002,36.865,29.0,0.4,-340.16,340.56,6820.16
PUT,SPXW  260414P06485000,SPXW 04/14/2026 6485.00 P,6485.0,2026-04-14,0.4,0.35,390,0.45,292,0.4,1,59,4618,-0.009,0.0,-0.425,0.093,-0.002,36.646,29.0,0.425,-335.16,335.56,6820.16
PUT,SPXW  260414P06490000,SPXW 04/14/2026 6490.00 P,6490.0,2026-04-14,0.43,0.4,25,0.45,186,0.5,15,182,16,-0.009,0.0,-0.425,0.095,-0.002,36.152,29.0,0.425,-330.16,330.66,6820.16
PUT,SPXW  260414P06495000,SPXW 04/14/2026 6495.00 P,6495.0,2026-04-14,0.43,0.4,78,0.45,72,0.45,1,89,54,-0.009,0.0,-0.425,0.096,-0.002,35.657,29.0,0.425,-325.16,325.61,6820.16
PUT,SPXW  260414P06500000,SPXW 04/14/2026 6500.00 P,6500.0,2026-04-14,0.45,0.4,117,0.5,410,0.5,3,1066,240,-0.009,0.0,-0.45,0.101,-0.002,35.415,29.0,0.45,-320.16,320.66,6820.16
PUT,SPXW  260414P06505000,SPXW 04/14/2026 6505.00 P,6505.0,2026-04-14,0.45,0.4,316,0.5,307,0.45,18,197,33,-0.01,0.0,-0.45,0.102,-0.002,34.917,29.0,0.45,-315.16,315.61,6820.16
PUT,SPXW  260414P06510000,SPXW 04/14/2026 6510.00 P,6510.0,2026-04-14,0.45,0.4,343,0.5,269,0.5,2,327,80,-0.01,0.0,-0.45,0.103,-0.002,34.418,29.0,0.45,-310.16,310.66,6820.16
PUT,SPXW  260414P06515000,SPXW 04/14/2026 6515.00 P,6515.0,2026-04-14,0.48,0.45,36,0.5,191,0.45,1,136,114,-0.01,0.0,-0.475,0.108,-0.002,34.154,29.0,0.475,-305.16,305.61,6820.16
PUT,SPXW  260414P06520000,SPXW 04/14/2026 6520.00 P,6520.0,2026-04-14,0.48,0.45,108,0.5,1,0.5,1,141,61,-0.01,0.0,-0.475,0.109,-0.002,33.652,29.0,0.475,-300.16,300.66,6820.16
PUT,SPXW  260414P06525000,SPXW 04/14/2026 6525.00 P,6525.0,2026-04-14,0.5,0.45,357,0.55,324,0.5,1,1153,753,-0.011,0.0,-0.5,0.114,-0.003,33.371,29.0,0.5,-295.16,295.66,6820.16
PUT,SPXW  260414P06530000,SPXW 04/14/2026 6530.00 P,6530.0,2026-04-14,0.5,0.45,338,0.55,266,0.52,8,182,112,-0.011,0.0,-0.5,0.116,-0.003,32.865,29.0,0.5,-290.16,290.68,6820.16
PUT,SPXW  260414P06535000,SPXW 04/14/2026 6535.00 P,6535.0,2026-04-14,0.53,0.5,28,0.55,116,0.55,20,1068,623,-0.012,0.0,-0.525,0.121,-0.003,32.568,29.0,0.525,-285.16,285.71,6820.16
PUT,SPXW  260414P06540000,SPXW 04/14/2026 6540.00 P,6540.0,2026-04-14,0.55,0.5,238,0.6,308,0.55,15,334,164,-0.012,0.0,-0.55,0.127,-0.003,32.259,29.0,0.55,-280.16,280.71,6820.16
PUT,SPXW  260414P06545000,SPXW 04/14/2026 6545.00 P,6545.0,2026-04-14,0.55,0.5,306,0.6,246,0.6,24,116,90,-0.013,0.0,-0.55,0.128,-0.003,31.746,29.0,0.55,-275.16,275.76,6820.16
PUT,SPXW  260414P06550000,SPXW 04/14/2026 6550.00 P,6550.0,2026-04-14,0.57,0.55,44,0.6,125,0.6,1,805,1723,-0.013,0.0,-0.574,0.134,-0.003,31.423,29.0,0.574,-270.16,270.76,6820.16
PUT,SPXW  260414P06555000,SPXW 04/14/2026 6555.00 P,6555.0,2026-04-14,0.6,0.55,332,0.65,303,0.6,1,139,115,-0.014,0.0,-0.6,0.14,-0.003,31.092,29.0,0.6,-265.16,265.76,6820.16
PUT,SPXW  260414P06560000,SPXW 04/14/2026 6560.00 P,6560.0,2026-04-14,0.63,0.6,18,0.65,127,0.6,1,269,276,-0.014,0.0,-0.625,0.145,-0.003,30.746,29.0,0.625,-260.16,260.76,6820.16
PUT,SPXW  260414P06565000,SPXW 04/14/2026 6565.00 P,6565.0,2026-04-14,0.65,0.6,283,0.7,301,0.65,1,284,1640,-0.015,0.0,-0.65,0.151,-0.003,30.391,29.0,0.65,-255.16,255.81,6820.16
PUT,SPXW  260414P06570000,SPXW 04/14/2026 6570.00 P,6570.0,2026-04-14,0.68,0.65,21,0.7,128,0.63,1,342,243,-0.016,0.0,-0.675,0.157,-0.004,30.027,29.0,0.675,-250.16,250.79,6820.16
PUT,SPXW  260414P06575000,SPXW 04/14/2026 6575.00 P,6575.0,2026-04-14,0.7,0.65,326,0.75,254,0.7,1,907,1763,-0.017,0.0,-0.7,0.163,-0.004,29.654,29.0,0.7,-245.16,245.86,6820.16
PUT,SPXW  260414P06580000,SPXW 04/14/2026 6580.00 P,6580.0,2026-04-14,0.75,0.7,92,0.8,295,0.75,1,173,279,-0.018,0.0,-0.75,0.173,-0.004,29.418,29.0,0.75,-240.16,240.91,6820.16
PUT,SPXW  260414P06585000,SPXW 04/14/2026 6585.00 P,6585.0,2026-04-14,0.78,0.75,28,0.8,127,0.8,1,156,4754,-0.018,0.0,-0.75,0.175,-0.004,28.882,29.0,0.75,-235.16,235.96,6820.16
PUT,SPXW  260414P06590000,SPXW 04/14/2026 6590.00 P,6590.0,2026-04-14,0.8,0.75,274,0.85,172,0.8,1,405,169,-0.019,0.0,-0.8,0.185,-0.004,28.621,29.0,0.8,-230.16,230.96,6820.16
PUT,SPXW  260414P06595000,SPXW 04/14/2026 6595.00 P,6595.0,2026-04-14,0.85,0.8,193,0.9,251,0.86,1,335,113,-0.02,0.0,-0.85,0.195,-0.005,28.34,29.0,0.85,-225.16,226.02,6820.16
PUT,SPXW  260414P06600000,SPXW 04/14/2026 6600.00 P,6600.0,2026-04-14,0.9,0.85,198,0.95,270,0.9,1,1435,1517,-0.022,0.0,-0.9,0.206,-0.005,28.041,29.0,0.9,-220.16,221.06,6820.16
PUT,SPXW  260414P06605000,SPXW 04/14/2026 6605.00 P,6605.0,2026-04-14,0.95,0.9,163,1.0,260,0.95,2,159,243,-0.023,0.0,-0.95,0.216,-0.005,27.726,29.0,0.95,-215.16,216.11,6820.16
PUT,SPXW  260414P06610000,SPXW 04/14/2026 6610.00 P,6610.0,2026-04-14,1.0,0.95,154,1.05,162,1.05,1,342,446,-0.024,0.001,-1.0,0.226,-0.006,27.395,29.0,1.0,-210.16,211.21,6820.16
PUT,SPXW  260414P06615000,SPXW 04/14/2026 6615.00 P,6615.0,2026-04-14,1.08,1.05,7,1.1,52,1.1,1,129,89,-0.026,0.001,-1.05,0.237,-0.006,27.05,29.0,1.05,-205.16,206.26,6820.16
PUT,SPXW  260414P06620000,SPXW 04/14/2026 6620.00 P,6620.0,2026-04-14,1.13,1.1,246,1.15,26,1.15,1,273,462,-0.028,0.001,-1.125,0.251,-0.006,26.79,29.0,1.125,-200.16,201.31,6820.16
PUT,SPXW  260414P06625000,SPXW 04/14/2026 6625.00 P,6625.0,2026-04-14,1.2,1.15,149,1.25,141,1.2,1,275,490,-0.029,0.001,-1.2,0.265,-0.007,26.507,29.0,1.2,-195.16,196.36,6820.16
PUT,SPXW  260414P06630000,SPXW 04/14/2026 6630.00 P,6630.0,2026-04-14,1.27,1.25,35,1.3,20,1.25,1,358,252,-0.031,0.001,-1.275,0.279,-0.007,26.203,29.0,1.275,-190.16,191.41,6820.16
PUT,SPXW  260414P06635000,SPXW 04/14/2026 6635.00 P,6635.0,2026-04-14,1.38,1.35,13,1.4,52,1.35,1,363,282,-0.033,0.001,-1.35,0.294,-0.008,25.88,29.0,1.35,-185.16,186.51,6820.16
PUT,SPXW  260414P06640000,SPXW 04/14/2026 6640.00 P,6640.0,2026-04-14,1.45,1.4,142,1.5,71,1.5,1,274,217,-0.036,0.001,-1.45,0.312,-0.008,25.619,29.0,1.45,-180.16,181.66,6820.16
PUT,SPXW  260414P06645000,SPXW 04/14/2026 6645.00 P,6645.0,2026-04-14,1.55,1.5,134,1.6,78,1.55,1,288,305,-0.038,0.001,-1.55,0.329,-0.009,25.333,29.0,1.55,-175.16,176.71,6820.16
PUT,SPXW  260414P06650000,SPXW 04/14/2026 6650.00 P,6650.0,2026-04-14,1.67,1.65,34,1.7,20,1.7,1,1621,928,-0.041,0.001,-1.65,0.347,-0.009,25.023,29.0,1.65,-170.16,171.86,6820.16
PUT,SPXW  260414P06655000,SPXW 04/14/2026 6655.00 P,6655.0,2026-04-14,1.8,1.75,116,1.85,97,1.85,17,160,300,-0.044,0.001,-1.8,0.371,-0.01,24.828,29.0,1.8,-165.16,167.01,6820.16
PUT,SPXW  260414P06660000,SPXW 04/14/2026 6660.00 P,6660.0,2026-04-14,1.92,1.9,33,1.95,19,1.9,1,308,262,-0.047,0.001,-1.9,0.389,-0.011,24.469,29.0,1.9,-160.16,162.06,6820.16
PUT,SPXW  260414P06665000,SPXW 04/14/2026 6665.00 P,6665.0,2026-04-14,2.08,2.05,11,2.1,80,2.05,8,156,444,-0.051,0.001,-2.049,0.413,-0.012,24.214,29.0,2.05,-155.16,157.21,6820.16
PUT,SPXW  260414P06670000,SPXW 04/14/2026 6670.00 P,6670.0,2026-04-14,2.25,2.2,32,2.3,182,2.25,1,149,387,-0.055,0.001,-2.199,0.437,-0.013,23.929,29.0,2.2,-150.16,152.41,6820.16
PUT,SPXW  260414P06675000,SPXW 04/14/2026 6675.00 P,6675.0,2026-04-14,2.4,2.35,129,2.45,123,2.35,2,695,716,-0.058,0.001,-2.349,0.461,-0.013,23.616,29.0,2.35,-145.16,147.51,6820.16
PUT,SPXW  260414P06680000,SPXW 04/14/2026 6680.00 P,6680.0,2026-04-14,2.58,2.55,39,2.6,42,2.55,7,315,819,-0.063,0.001,-2.549,0.49,-0.015,23.38,29.0,2.55,-140.16,142.71,6820.16
PUT,SPXW  260414P06685000,SPXW 04/14/2026 6685.00 P,6685.0,2026-04-14,2.8,2.75,48,2.85,112,2.78,1,438,238,-0.068,0.001,-2.748,0.519,-0.016,23.109,29.0,2.75,-135.16,137.94,6820.16
PUT,SPXW  260414P06690000,SPXW 04/14/2026 6690.00 P,6690.0,2026-04-14,3.03,2.95,123,3.1,159,2.95,2,313,277,-0.073,0.002,-2.947,0.548,-0.017,22.805,29.0,2.95,-130.16,133.11,6820.16
PUT,SPXW  260414P06695000,SPXW 04/14/2026 6695.00 P,6695.0,2026-04-14,3.25,3.2,69,3.3,99,3.2,2,392,334,-0.079,0.002,-3.195,0.582,-0.018,22.558,29.0,3.2,-125.16,128.36,6820.16
PUT,SPXW  260414P06700000,SPXW 04/14/2026 6700.00 P,6700.0,2026-04-14,3.5,3.4,124,3.6,157,3.5,1,2539,2200,-0.085,0.002,-3.443,0.615,-0.02,22.274,29.0,3.45,-120.16,123.66,6820.16
PUT,SPXW  260414P06705000,SPXW 04/14/2026 6705.00 P,6705.0,2026-04-14,3.75,3.7,107,3.8,1,3.8,1,166,438,-0.092,0.002,-3.74,0.652,-0.021,22.033,29.0,3.75,-115.16,118.96,6820.16
PUT,SPXW  260414P06710000,SPXW 04/14/2026 6710.00 P,6710.0,2026-04-14,4.05,4.0,112,4.1,17,4.0,2,220,1002,-0.098,0.002,-3.987,0.685,-0.023,21.679,29.0,4.0,-110.16,114.16,6820.16
PUT,SPXW  260414P06715000,SPXW 04/14/2026 6715.00 P,6715.0,2026-04-14,4.4,4.3,142,4.5,144,4.3,2,167,321,-0.107,0.002,-4.331,0.726,-0.025,21.433,29.0,4.35,-105.16,109.46,6820.16
PUT,SPXW  260414P06720000,SPXW 04/14/2026 6720.00 P,6720.0,2026-04-14,4.75,4.7,97,4.8,41,4.7,1,190,477,-0.115,0.002,-4.674,0.766,-0.026,21.144,29.0,4.7,-100.16,104.86,6820.16
PUT,SPXW  260414P06725000,SPXW 04/14/2026 6725.00 P,6725.0,2026-04-14,5.15,5.1,30,5.2,116,5.0,1,494,459,-0.123,0.002,-5.014,0.806,-0.028,20.817,29.0,5.05,-95.16,100.16,6820.16
PUT,SPXW  260414P06730000,SPXW 04/14/2026 6730.00 P,6730.0,2026-04-14,5.55,5.5,57,5.6,104,5.65,10,339,450,-0.133,0.003,-5.401,0.849,-0.031,20.511,29.0,5.45,-90.16,95.81,6820.16
PUT,SPXW  260414P06735000,SPXW 04/14/2026 6735.00 P,6735.0,2026-04-14,5.95,5.9,82,6.0,30,5.9,14,244,256,-0.143,0.003,-5.777,0.891,-0.033,20.162,29.0,5.844,-85.16,91.06,6820.16
PUT,SPXW  260414P06740000,SPXW 04/14/2026 6740.00 P,6740.0,2026-04-14,6.45,6.4,47,6.5,80,6.53,10,322,439,-0.154,0.003,-6.256,0.938,-0.036,19.884,29.0,6.35,-80.16,86.69,6820.16
PUT,SPXW  260414P06745000,SPXW 04/14/2026 6745.00 P,6745.0,2026-04-14,6.95,6.9,52,7.0,76,6.8,2,164,247,-0.166,0.003,-6.721,0.985,-0.038,19.557,29.0,6.85,-75.16,81.96,6820.16
PUT,SPXW  260414P06750000,SPXW 04/14/2026 6750.00 P,6750.0,2026-04-14,7.5,7.4,82,7.6,102,7.5,1,879,1177,-0.178,0.003,-7.171,1.03,-0.041,19.184,29.0,7.345,-70.16,77.66,6820.16
PUT,SPXW  260414P06755000,SPXW 04/14/2026 6755.00 P,6755.0,2026-04-14,8.1,8.0,72,8.2,100,7.55,1,166,308,-0.192,0.004,-7.706,1.08,-0.044,18.86,29.0,7.945,-65.16,72.71,6820.16
PUT,SPXW  260414P06760000,SPXW 04/14/2026 6760.00 P,6760.0,2026-04-14,8.7,8.6,93,8.8,63,8.6,1,178,499,-0.207,0.004,-8.266,1.129,-0.048,18.531,29.0,8.593,-60.16,68.76,6820.16
PUT,SPXW  260414P06765000,SPXW 04/14/2026 6765.00 P,6765.0,2026-04-14,9.4,9.3,98,9.5,60,8.81,1,127,349,-0.223,0.004,-8.848,1.18,-0.051,18.192,29.0,9.294,-55.16,63.97,6820.16
PUT,SPXW  260414P06770000,SPXW 04/14/2026 6770.00 P,6770.0,2026-04-14,10.2,10.1,64,10.3,83,10.2,1,221,708,-0.24,0.004,-9.397,1.228,-0.055,17.798,29.0,9.995,-50.16,60.36,6820.16
PUT,SPXW  260414P06775000,SPXW 04/14/2026 6775.00 P,6775.0,2026-04-14,11.0,10.9,68,11.1,58,11.08,1,334,564,-0.259,0.005,-10.036,1.279,-0.06,17.47,29.0,10.85,-45.16,56.24,6820.16
PUT,SPXW  260414P06780000,SPXW 04/14/2026 6780.00 P,6780.0,2026-04-14,11.9,11.8,68,12.0,55,11.69,1,807,1057,-0.279,0.005,-10.653,1.328,-0.064,17.116,29.0,11.75,-40.16,51.85,6820.16
PUT,SPXW  260414P06785000,SPXW 04/14/2026 6785.00 P,6785.0,2026-04-14,12.9,12.8,65,13.0,47,13.05,1,66,362,-0.301,0.005,-11.236,1.375,-0.069,16.733,29.0,12.7,-35.16,48.21,6820.16
PUT,SPXW  260414P06790000,SPXW 04/14/2026 6790.00 P,6790.0,2026-04-14,14.05,14.0,1,14.1,36,13.8,1,208,1180,-0.325,0.006,-11.837,1.421,-0.075,16.39,29.0,13.8,-30.16,43.96,6820.16
PUT,SPXW  260414P06795000,SPXW 04/14/2026 6795.00 P,6795.0,2026-04-14,15.25,15.2,8,15.3,18,15.0,1,203,646,-0.35,0.006,-12.388,1.463,-0.081,16.041,29.0,15.0,-25.16,40.16,6820.16
PUT,SPXW  260414P06800000,SPXW 04/14/2026 6800.00 P,6800.0,2026-04-14,16.6,16.5,39,16.7,39,16.3,1,1373,1865,-0.377,0.006,-12.852,1.501,-0.087,15.681,29.0,16.3,-20.16,36.46,6820.16
PUT,SPXW  260414P06805000,SPXW 04/14/2026 6805.00 P,6805.0,2026-04-14,18.1,18.0,20,18.2,36,17.9,1,81,564,-0.406,0.006,-13.257,1.532,-0.094,15.368,29.0,17.8,-15.16,33.06,6820.16
PUT,SPXW  260414P06810000,SPXW 04/14/2026 6810.00 P,6810.0,2026-04-14,19.7,19.6,36,19.8,33,19.5,1,666,928,-0.437,0.007,-13.486,1.556,-0.101,15.025,29.0,19.391,-10.16,29.66,6820.16
PUT,SPXW  260414P06815000,SPXW 04/14/2026 6815.00 P,6815.0,2026-04-14,21.5,21.4,19,21.6,32,21.4,4,103,785,-0.47,0.007,-13.513,1.572,-0.108,14.651,29.0,21.091,-5.16,26.56,6820.16
PUT,SPXW  260414P06820000,SPXW 04/14/2026 6820.00 P,6820.0,2026-04-14,23.45,23.4,8,23.5,6,23.0,1,279,829,-0.504,0.007,-13.88,1.576,-0.116,14.882,29.0,23.915,-0.16,23.16,6820.16
PUT,SPXW  260414P06825000,SPXW 04/14/2026 6825.00 P,6825.0,2026-04-14,25.6,25.5,31,25.7,17,25.14,1,130,496,-0.539,0.007,-13.5,1.568,-0.124,14.546,29.0,26.006,4.84,20.3,6820.16
PUT,SPXW  260414P06830000,SPXW 04/14/2026 6830.00 P,6830.0,2026-04-14,27.95,27.9,10,28.0,5,28.0,1,214,372,-0.575,0.007,-12.906,1.548,-0.133,14.223,29.0,28.306,9.84,18.16,6820.16
PUT,SPXW  260414P06835000,SPXW 04/14/2026 6835.00 P,6835.0,2026-04-14,30.6,30.5,9,30.7,14,30.6,6,66,41,-0.612,0.007,-12.165,1.514,-0.141,13.975,29.0,30.915,14.84,15.76,6820.16
PUT,SPXW  260414P06840000,SPXW 04/14/2026 6840.00 P,6840.0,2026-04-14,33.4,33.3,15,33.5,5,32.8,1,108,139,-0.648,0.007,-11.236,1.466,-0.15,13.73,29.0,33.715,19.84,12.96,6820.16
PUT,SPXW  260414P06845000,SPXW 04/14/2026 6845.00 P,6845.0,2026-04-14,36.45,36.3,13,36.6,5,36.8,4,45,29,-0.685,0.007,-10.167,1.403,-0.158,13.488,29.0,36.715,24.84,11.96,6820.16
PUT,SPXW  260414P06850000,SPXW 04/14/2026 6850.00 P,6850.0,2026-04-14,39.8,39.5,8,40.1,12,36.4,1,304,335,-0.72,0.006,-9.093,1.33,-0.166,13.323,29.0,40.015,29.84,6.56,6820.16
PUT,SPXW  260414P06855000,SPXW 04/14/2026 6855.00 P,6855.0,2026-04-14,43.25,42.8,1,43.7,7,48.41,2,34,34,-0.753,0.006,-8.005,1.247,-0.174,13.171,29.0,43.515,34.84,13.57,6820.16
PUT,SPXW  260414P06860000,SPXW 04/14/2026 6860.00 P,6860.0,2026-04-14,47.1,46.4,1,47.8,7,44.35,1,146,13,-0.784,0.006,-6.999,1.157,-0.181,13.082,29.0,47.26,39.84,4.51,6820.16
PUT,SPXW  260414P06865000,SPXW 04/14/2026 6865.00 P,6865.0,2026-04-14,50.75,49.7,11,51.8,11,55.09,9,31,35,-0.814,0.005,-6.004,1.059,-0.188,12.943,29.0,51.111,44.84,10.25,6820.16
PUT,SPXW  260414P06870000,SPXW 04/14/2026 6870.00 P,6870.0,2026-04-14,54.9,53.8,11,56.0,10,53.61,1,17,17,-0.839,0.005,-5.184,0.964,-0.194,12.9,29.0,55.21,49.84,3.77,6820.16
PUT,SPXW  260414P06875000,SPXW 04/14/2026 6875.00 P,6875.0,2026-04-14,59.15,58.0,15,60.3,14,68.6,2,688,12,-0.862,0.004,-4.478,0.87,-0.199,12.886,29.0,59.461,54.84,13.76,6820.16
PUT,SPXW  260414P06880000,SPXW 04/14/2026 6880.00 P,6880.0,2026-04-14,63.55,62.4,11,64.7,10,73.18,2,59,5,-0.882,0.004,-3.899,0.781,-0.204,12.924,29.0,63.861,59.84,13.34,6820.16
PUT,SPXW  260414P06885000,SPXW 04/14/2026 6885.00 P,6885.0,2026-04-14,68.05,66.9,11,69.2,10,89.1,1,14,2,-0.899,0.003,-3.414,0.698,-0.208,12.979,29.0,68.365,64.84,24.26,6820.16
PUT,SPXW  260414P06890000,SPXW 04/14/2026 6890.00 P,6890.0,2026-04-14,72.6,71.4,11,73.8,10,73.0,3,13,164,-0.913,0.003,-3.02,0.623,-0.211,13.073,29.0,72.965,69.84,3.16,6820.16
PUT,SPXW  260414P06895000,SPXW 04/14/2026 6895.00 P,6895.0,2026-04-14,77.3,76.1,11,78.5,11,82.48,1,5,2,-0.926,0.003,-2.673,0.551,-0.215,13.148,29.0,77.615,74.84,7.64,6820.16
PUT,SPXW  260414P06900000,SPXW 04/14/2026 6900.00 P,6900.0,2026-04-14,82.0,80.8,11,83.2,10,86.31,1,57,5,-0.937,0.002,-2.399,0.488,-0.217,13.264,29.0,82.34,79.84,6.47,6820.16
PUT,SPXW  260414P06905000,SPXW 04/14/2026 6905.00 P,6905.0,2026-04-14,86.8,85.6,11,88.0,11,72.88,2,4,0,-0.946,0.002,-2.174,0.432,-0.219,13.398,29.0,87.115,84.84,-11.96,6820.16
PUT,SPXW  260414P06910000,SPXW 04/14/2026 6910.00 P,6910.0,2026-04-14,91.6,90.4,11,92.8,11,97.85,1,23,1,-0.954,0.002,-1.975,0.379,-0.221,13.507,29.0,91.915,89.84,8.01,6820.16
PUT,SPXW  260414P06915000,SPXW 04/14/2026 6915.00 P,6915.0,2026-04-14,96.45,95.2,11,97.7,11,0.0,0,0,0,-0.961,0.002,-1.825,0.335,-0.223,13.671,29.0,96.765,94.84,-94.84,6820.16
PUT,SPXW  260414P06920000,SPXW 04/14/2026 6920.00 P,6920.0,2026-04-14,101.55,99.9,14,103.2,12,108.2,1,4,1,-0.966,0.001,-1.7,0.296,-0.225,13.842,29.0,101.64,99.84,8.36,6820.16
PUT,SPXW  260414P06925000,SPXW 04/14/2026 6925.00 P,6925.0,2026-04-14,106.45,104.8,14,108.1,12,96.91,8,18,0,-0.971,0.001,-1.575,0.257,-0.226,13.941,29.0,106.515,104.84,-7.93,6820.16
PUT,SPXW  260414P06930000,SPXW 04/14/2026 6930.00 P,6930.0,2026-04-14,111.35,109.7,14,113.0,12,116.04,1,1,0,-0.975,0.001,-1.5,0.23,-0.227,14.17,29.0,111.44,109.84,6.2,6820.16
PUT,SPXW  260414P06935000,SPXW 04/14/2026 6935.00 P,6935.0,2026-04-14,116.25,114.6,14,117.9,12,143.54,1,13,1,-0.978,0.001,-1.425,0.203,-0.228,14.349,29.0,116.365,114.84,28.7,6820.16
PUT,SPXW  260414P06940000,SPXW 04/14/2026 6940.00 P,6940.0,2026-04-14,121.2,119.5,13,122.9,12,123.4,1,4,0,-0.982,0.001,-1.35,0.176,-0.229,14.463,29.0,121.29,119.84,3.56,6820.16
PUT,SPXW  260414P06945000,SPXW 04/14/2026 6945.00 P,6945.0,2026-04-14,126.15,124.5,13,127.8,12,0.0,0,0,0,-0.984,0.001,-1.3,0.156,-0.229,14.661,29.0,126.24,124.84,-124.84,6820.16
PUT,SPXW  260414P06950000,SPXW 04/14/2026 6950.00 P,6950.0,2026-04-14,131.1,129.4,13,132.8,12,134.84,1,16,0,-0.986,0.001,-1.25,0.136,-0.23,14.807,29.0,131.19,129.84,5.0,6820.16
PUT,SPXW  260414P06955000,SPXW 04/14/2026 6955.00 P,6955.0,2026-04-14,136.05,134.4,13,137.7,12,141.21,2,4,0,-0.989,0.0,-1.2,0.116,-0.231,14.888,29.0,136.14,134.84,6.37,6820.16
PUT,SPXW  260414P06960000,SPXW 04/14/2026 6960.00 P,6960.0,2026-04-14,141.0,139.3,12,142.7,12,142.9,1,2,0,-0.991,0.0,-1.15,0.095,-0.232,14.878,29.0,141.09,139.84,3.06,6820.16
PUT,SPXW  260414P06965000,SPXW 04/14/2026 6965.00 P,6965.0,2026-04-14,146.0,144.3,12,147.7,12,0.0,0,0,0,-0.991,0.0,-1.15,0.093,-0.232,15.335,29.0,146.09,144.84,-144.84,6820.16
PUT,SPXW  260414P06970000,SPXW 04/14/2026 6970.00 P,6970.0,2026-04-14,151.0,149.3,12,152.7,12,0.0,0,0,0,-0.992,0.0,-1.125,0.082,-0.232,15.503,29.0,151.065,149.84,-149.84,6820.16
PUT,SPXW  260414P06975000,SPXW 04/14/2026 6975.00 P,6975.0,2026-04-14,155.95,154.3,12,157.6,12,160.15,1,20,1,-0.993,0.0,-1.125,0.08,-0.232,15.949,29.0,156.065,154.84,5.31,6820.16
PUT,SPXW  260414P06980000,SPXW 04/14/2026 6980.00 P,6980.0,2026-04-14,160.9,159.2,12,162.6,12,0.0,0,0,0,-0.994,0.0,-1.1,0.068,-0.233,16.047,29.0,161.04,159.84,-159.84,6820.16
PUT,SPXW  260414P06985000,SPXW 04/14/2026 6985.00 P,6985.0,2026-04-14,165.25,161.3,2,169.2,2,0.0,0,0,0,-0.994,0.0,-1.1,0.067,-0.233,16.482,29.0,166.04,164.84,-164.84,6820.16
PUT,SPXW  260414P06990000,SPXW 04/14/2026 6990.00 P,6990.0,2026-04-14,170.35,166.5,10,174.2,2,0.0,0,0,0,-0.994,0.0,-1.1,0.066,-0.233,16.916,29.0,171.04,169.84,-169.84,6820.16
PUT,SPXW  260414P06995000,SPXW 04/14/2026 6995.00 P,6995.0,2026-04-14,175.05,171.4,10,178.7,2,0.0,0,0,0,-0.995,0.0,-1.075,0.055,-0.234,16.928,29.0,176.015,174.84,-174.84,6820.16
PUT,SPXW  260414P07000000,SPXW 04/14/2026 7000.00 P,7000.0,2026-04-14,179.95,176.2,2,183.7,2,202.72,10,13,10,-0.996,0.0,-1.05,0.043,-0.234,16.834,29.0,180.99,179.84,22.88,6820.16
PUT,SPXW  260414P07005000,SPXW 04/14/2026 7005.00 P,7005.0,2026-04-14,185.1,181.5,10,188.7,2,0.0,0,0,0,-0.996,0.0,-1.05,0.043,-0.234,17.245,29.0,185.99,184.84,-184.84,6820.16
PUT,SPXW  260414P07010000,SPXW 04/14/2026 7010.00 P,7010.0,2026-04-14,190.05,186.4,10,193.7,2,0.0,0,0,0,-0.996,0.0,-1.05,0.042,-0.234,17.655,29.0,190.99,189.84,-189.84,6820.16
PUT,SPXW  260414P07015000,SPXW 04/14/2026 7015.00 P,7015.0,2026-04-14,195.2,191.4,10,199.0,2,0.0,0,0,0,-0.995,0.0,-1.1,0.06,-0.234,19.063,29.0,196.04,194.84,-194.84,6820.16
PUT,SPXW  260414P07020000,SPXW 04/14/2026 7020.00 P,7020.0,2026-04-14,200.4,194.2,1,206.6,2,0.0,0,0,0,-0.996,0.0,-1.05,0.04,-0.235,18.471,29.0,200.99,199.84,-199.84,6820.16
PUT,SPXW  260414P07025000,SPXW 04/14/2026 7025.00 P,7025.0,2026-04-14,205.65,198.9,2,212.4,2,362.97,1,3,0,-0.997,0.0,-1.05,0.04,-0.235,18.877,29.0,205.99,204.84,158.13,6820.16
PUT,SPXW  260414P07030000,SPXW 04/14/2026 7030.00 P,7030.0,2026-04-14,209.85,203.1,2,216.6,2,0.0,0,0,0,-0.997,0.0,-1.05,0.039,-0.235,19.282,29.0,210.99,209.84,-209.84,6820.16
PUT,SPXW  260414P07035000,SPXW 04/14/2026 7035.00 P,7035.0,2026-04-14,214.85,208.1,2,221.6,2,0.0,0,0,0,-0.997,0.0,-1.05,0.038,-0.235,19.686,29.0,215.99,214.84,-214.84,6820.16
PUT,SPXW  260414P07040000,SPXW 04/14/2026 7040.00 P,7040.0,2026-04-14,220.0,211.0,2,229.0,2,0.0,0,0,0,-0.997,0.0,-1.05,0.038,-0.236,20.089,29.0,220.99,219.84,-219.84,6820.16
PUT,SPXW  260414P07045000,SPXW 04/14/2026 7045.00 P,7045.0,2026-04-14,225.5,215.5,2,235.5,2,0.0,0,0,0,-0.997,0.0,-1.05,0.037,-0.236,20.491,29.0,225.99,224.84,-224.84,6820.16
PUT,SPXW  260414P07050000,SPXW 04/14/2026 7050.00 P,7050.0,2026-04-14,231.35,221.1,2,241.6,2,231.7,1,8,0,-0.997,0.0,-1.05,0.036,-0.236,20.891,29.0,230.99,229.84,1.86,6820.16
PUT,SPXW  260414P07055000,SPXW 04/14/2026 7055.00 P,7055.0,2026-04-14,235.4,226.0,2,244.8,2,0.0,0,0,0,-0.997,0.0,-1.05,0.036,-0.236,21.291,29.0,235.99,234.84,-234.84,6820.16
PUT,SPXW  260414P07060000,SPXW 04/14/2026 7060.00 P,7060.0,2026-04-14,239.35,229.7,2,249.0,2,0.0,0,0,0,-0.997,0.0,-1.05,0.035,-0.236,21.69,29.0,240.99,239.84,-239.84,6820.16
PUT,SPXW  260414P07065000,SPXW 04/14/2026 7065.00 P,7065.0,2026-04-14,245.4,236.0,2,254.8,2,0.0,0,0,0,-0.997,0.0,-1.05,0.035,-0.236,22.088,29.0,245.99,244.84,-244.84,6820.16
PUT,SPXW  260414P07070000,SPXW 04/14/2026 7070.00 P,7070.0,2026-04-14,250.75,240.0,2,261.5,2,0.0,0,0,0,-0.997,0.0,-1.05,0.034,-0.237,22.485,29.0,250.99,249.84,-249.84,6820.16
PUT,SPXW  260414P07075000,SPXW 04/14/2026 7075.00 P,7075.0,2026-04-14,256.2,245.8,2,266.6,2,408.97,1,1,0,-0.997,0.0,-1.05,0.034,-0.237,22.88,29.0,255.99,254.84,154.13,6820.16
PUT,SPXW  260414P07080000,SPXW 04/14/2026 7080.00 P,7080.0,2026-04-14,258.6,249.7,2,267.5,2,0.0,0,0,0,-0.997,0.0,-1.05,0.033,-0.237,23.275,29.0,260.99,259.84,-259.84,6820.16
PUT,SPXW  260414P07085000,SPXW 04/14/2026 7085.00 P,7085.0,2026-04-14,263.6,254.7,2,272.5,2,0.0,0,0,0,-0.997,0.0,-1.05,0.033,-0.237,23.67,29.0,265.99,264.84,-264.84,6820.16
PUT,SPXW  260414P07090000,SPXW 04/14/2026 7090.00 P,7090.0,2026-04-14,268.6,259.7,2,277.5,2,0.0,0,0,0,-0.997,0.0,-1.05,0.032,-0.237,24.063,29.0,270.99,269.84,-269.84,6820.16
PUT,SPXW  260414P07095000,SPXW 04/14/2026 7095.00 P,7095.0,2026-04-14,274.85,264.7,2,285.0,2,0.0,0,0,0,-0.997,0.0,-1.05,0.032,-0.238,24.455,29.0,275.99,274.84,-274.84,6820.16
PUT,SPXW  260414P07100000,SPXW 04/14/2026 7100.00 P,7100.0,2026-04-14,280.4,270.8,2,290.0,2,0.0,0,0,0,-0.997,0.0,-1.05,0.031,-0.238,24.847,29.0,280.99,279.84,-279.84,6820.16
PUT,SPXW  260414P07125000,SPXW 04/14/2026 7125.00 P,7125.0,2026-04-14,303.6,294.7,2,312.5,2,0.0,0,0,0,-0.999,0.0,-1.0,0.013,-0.239,24.335,29.0,305.94,304.84,-304.84,6820.16
PUT,SPXW  260414P07150000,SPXW 04/14/2026 7150.00 P,7150.0,2026-04-14,328.9,319.6,2,338.2,2,335.16,1,1,0,-0.999,0.0,-1.0,0.012,-0.24,26.111,29.0,330.94,329.84,5.32,6820.16
PUT,SPXW  260414P07175000,SPXW 04/14/2026 7175.00 P,7175.0,2026-04-14,354.25,345.9,2,362.6,2,0.0,0,0,0,-0.999,0.0,-1.0,0.011,-0.241,27.872,29.0,355.94,354.84,-354.84,6820.16
PUT,SPXW  260414P07200000,SPXW 04/14/2026 7200.00 P,7200.0,2026-04-14,380.45,371.0,2,389.9,2,385.21,1,1,0,-0.998,0.0,-1.025,0.019,-0.241,31.38,29.0,380.965,379.84,5.37,6820.16
PUT,SPXW  260414P07225000,SPXW 04/14/2026 7225.00 P,7225.0,2026-04-14,405.8,395.3,2,416.3,2,445.33,3,3,0,-0.999,0.0,-0.999,0.01,-0.242,31.349,29.0,405.939,404.84,40.49,6820.16
PUT,SPXW  260414P07250000,SPXW 04/14/2026 7250.00 P,7250.0,2026-04-14,429.25,421.0,2,437.5,2,468.58,3,3,0,-0.999,0.0,-0.999,0.01,-0.243,33.068,29.0,430.939,429.84,38.74,6820.16
PUT,SPXW  260414P07275000,SPXW 04/14/2026 7275.00 P,7275.0,2026-04-14,455.8,446.2,2,465.4,2,0.0,0,0,0,-0.999,0.0,-0.999,0.009,-0.244,34.773,29.0,455.939,454.84,-454.84,6820.16
PUT,SPXW  260414P07300000,SPXW 04/14/2026 7300.00 P,7300.0,2026-04-14,480.4,471.0,2,489.8,2,0.0,0,0,0,-0.999,0.0,-0.999,0.009,-0.245,36.467,29.0,480.939,479.84,-479.84,6820.16
PUT,SPXW  260414P07400000,SPXW 04/14/2026 7400.00 P,7400.0,2026-04-14,581.2,570.9,2,591.5,2,0.0,0,0,0,-0.999,0.0,-0.999,0.008,-0.248,43.13,29.0,580.939,579.84,-579.84,6820.16
PUT,SPXW  260414P07500000,SPXW 04/14/2026 7500.00 P,7500.0,2026-04-14,680.3,670.8,2,689.8,2,0.0,0,0,0,-0.999,0.0,-0.999,0.007,-0.252,49.639,29.0,680.939,679.84,-679.84,6820.16
PUT,SPXW  260414P07600000,SPXW 04/14/2026 7600.00 P,7600.0,2026-04-14,779.3,770.8,2,787.8,2,0.0,0,0,0,-0.999,0.0,-0.999,0.006,-0.255,55.973,29.0,780.939,779.84,-779.84,6820.16
PUT,SPXW  260414P07800000,SPXW 04/14/2026 7800.00 P,7800.0,2026-04-14,981.1,970.9,2,991.3,2,0.0,0,0,0,-0.999,0.0,-0.999,0.005,-0.262,68.274,29.0,980.939,979.84,-979.84,6820.16
PUT,SPXW  260414P08000000,SPXW 04/14/2026 8000.00 P,8000.0,2026-04-14,1180.7,1170.0,2,1191.4,2,0.0,0,0,0,-1.0,0.0,-0.999,0.005,-0.268,80.102,29.0,1180.939,1179.84,-1179.84,6820.16
PUT,SPXW  260414P08200000,SPXW 04/14/2026 8200.00 P,8200.0,2026-04-14,1380.95,1370.8,2,1391.1,2,0.0,0,0,0,-1.0,0.0,-0.999,0.004,-0.275,91.524,29.0,1380.938,1379.84,-1379.84,6820.16
PUT,SPXW  260414P08400000,SPXW 04/14/2026 8400.00 P,8400.0,2026-04-14,1578.8,1569.4,2,1588.2,2,0.0,0,0,0,-1.0,0.0,-0.998,0.004,-0.282,102.547,29.0,1580.938,1579.84,-1579.84,6820.16
PUT,SPXW  260414P08600000,SPXW 04/14/2026 8600.00 P,8600.0,2026-04-14,1778.65,1769.4,2,1787.9,2,0.0,0,0,0,-1.0,0.0,-0.998,0.003,-0.289,113.265,29.0,1780.938,1779.84,-1779.84,6820.16
PUT,SPXW  260414P08800000,SPXW 04/14/2026 8800.00 P,8800.0,2026-04-14,1980.2,1970.8,2,1989.6,2,1982.65,1,1,1,-1.0,0.0,-0.998,0.003,-0.295,123.621,29.0,1980.938,1979.84,2.81,6820.16
