symbol,underlying_symbol,underlying_price,contract_type,strike,expiration_date,bid,ask,mark,last,delta,open_interest,volume,option_root,expiration_type,intrinsic_value,extrinsic_value,time_value,volatility,high_52_week,low_52_week,gamma,theta,vega,rho,bid_size,ask_size,high_price,low_price,open_price,close_price
SPXW  250520C05660000,$SPX,5659.91,CALL,5660,2025-05-20T20:00:00.000+00:00,76,77.4,76.7,78.9,0.509,0,35,SPXW,W,-0.09,78.99,78.9,18.658,111.64,39.4,0.002,-3.454,3.928,0.852,7,7,90,67.9,0,74.37
SPXW  250520C05665000,$SPX,5659.91,CALL,5665,2025-05-20T20:00:00.000+00:00,73.1,74.6,73.85,76.8,0.499,0,10,SPXW,W,-5.09,81.89,76.8,18.569,106.81,53,0.002,-3.437,3.929,0.835,7,7,84,71.5,0,71.35
SPXW  250520C05670000,$SPX,5659.91,CALL,5670,2025-05-20T20:00:00.000+00:00,70.4,71.8,71.1,75.3,0.488,0,12,SPXW,W,-10.09,85.39,75.3,18.49,103.2,52.6,0.002,-3.419,3.928,0.817,7,7,81,68.8,0,68.33
SPXW  250520C05675000,$SPX,5659.91,CALL,5675,2025-05-20T20:00:00.000+00:00,67.9,69,68.45,71,0.476,0,14,SPXW,W,-15.09,86.09,71,18.4,104.6,35.15,0.002,-3.397,3.923,0.798,1,1,77.6,62.89,0,65.31
SPXW  250520C05680000,$SPX,5659.91,CALL,5680,2025-05-20T20:00:00.000+00:00,65.2,66.4,65.8,63.92,0.465,0,5,SPXW,W,-20.09,84.01,63.92,18.324,105.2,33.65,0.002,-3.376,3.915,0.78,1,8,75.5,56.65,0,62.6
SPXW  250520C05685000,$SPX,5659.91,CALL,5685,2025-05-20T20:00:00.000+00:00,62.6,63.7,63.15,64.1,0.454,0,10,SPXW,W,-25.09,89.19,64.1,18.256,99,64.1,0.002,-3.352,3.904,0.762,1,1,75,64.1,0,60.05
SPXW  250520C05690000,$SPX,5659.91,CALL,5690,2025-05-20T20:00:00.000+00:00,60.1,61.2,60.65,69.2,0.443,0,10,SPXW,W,-30.09,99.29,69.2,18.187,100,28.68,0.002,-3.326,3.89,0.743,1,1,69.6,69,0,57.6
SPXW  250520C05695000,$SPX,5659.91,CALL,5695,2025-05-20T20:00:00.000+00:00,57.6,58.7,58.15,59.22,0.432,0,3,SPXW,W,-35.09,94.31,59.22,18.1,82.37,44.02,0.002,-3.292,3.873,0.725,1,1,59.22,59.22,0,55.2
SPXW  250520C05700000,$SPX,5659.91,CALL,5700,2025-05-20T20:00:00.000+00:00,55.2,56.3,55.75,55.1,0.42,0,158,SPXW,W,-40.09,95.19,55.1,18.014,94.24,8.51,0.002,-3.257,3.852,0.706,1,9,65.3,52.87,0,53.05
SPXW  250520C05705000,$SPX,5659.91,CALL,5705,2025-05-20T20:00:00.000+00:00,52.8,53.9,53.35,52.8,0.409,0,4,SPXW,W,-45.09,97.89,52.8,17.926,86.9,46.43,0.002,-3.219,3.828,0.687,1,1,52.8,52.8,0,50.92
SPXW  250520C05710000,$SPX,5659.91,CALL,5710,2025-05-20T20:00:00.000+00:00,50.5,51.6,51.05,43.17,0.398,0,0,SPXW,W,-50.09,93.26,43.17,17.865,81.33,37.98,0.002,-3.184,3.801,0.668,1,9,0,0,0,48.8
SPXW  250520C05715000,$SPX,5659.91,CALL,5715,2025-05-20T20:00:00.000+00:00,48.2,49.3,48.75,50.61,0.386,0,2,SPXW,W,-55.09,105.7,50.61,17.786,77.7,35.84,0.002,-3.143,3.77,0.65,1,1,52.5,50.61,0,46.68
SPXW  250520C05720000,$SPX,5659.91,CALL,5720,2025-05-20T20:00:00.000+00:00,46,47.1,46.55,46.2,0.375,0,7,SPXW,W,-60.09,106.29,46.2,17.692,75.35,32.9,0.002,-3.095,3.736,0.631,1,1,55.9,46.2,0,44.56
SPXW  250520C05725000,$SPX,5659.91,CALL,5725,2025-05-20T20:00:00.000+00:00,43.9,44.9,44.4,44.3,0.364,0,7,SPXW,W,-65.09,109.39,44.3,17.621,65.04,24.93,0.002,-3.05,3.699,0.612,1,1,44.3,39.85,0,42.52
SPXW  250520C05730000,$SPX,5659.91,CALL,5730,2025-05-20T20:00:00.000+00:00,41.8,42.9,42.35,43.12,0.353,0,32,SPXW,W,-70.09,113.21,43.12,17.563,70.22,30.32,0.002,-3.005,3.66,0.593,1,29,50.55,37,0,40.48
SPXW  250520C05735000,$SPX,5659.91,CALL,5735,2025-05-20T20:00:00.000+00:00,39.8,40.8,40.3,43.5,0.341,0,1,SPXW,W,-75.09,118.59,43.5,17.474,43.5,29.87,0.002,-2.952,3.616,0.575,1,1,43.5,43.5,0,38.44
SPXW  250520C05740000,$SPX,5659.91,CALL,5740,2025-05-20T20:00:00.000+00:00,37.8,38.8,38.3,47.2,0.33,0,2,SPXW,W,-80.09,127.29,47.2,17.397,65.3,32.09,0.002,-2.898,3.569,0.556,1,1,47.2,46,0,36.41
SPXW  250520C05745000,$SPX,5659.91,CALL,5745,2025-05-20T20:00:00.000+00:00,35.9,36.9,36.4,37.2,0.319,0,4,SPXW,W,-85.09,122.29,37.2,17.304,37.2,32.55,0.002,-2.839,3.518,0.537,1,1,37.2,32.55,0,34.37
SPXW  250520C05750000,$SPX,5659.91,CALL,5750,2025-05-20T20:00:00.000+00:00,34.1,35.1,34.6,35,0.308,0,6,SPXW,W,-90.09,125.09,35,17.236,64.3,19.26,0.002,-2.783,3.466,0.519,1,1,41.9,30,0,32.46
SPXW  250520C05755000,$SPX,5659.91,CALL,5755,2025-05-20T20:00:00.000+00:00,32.3,33.3,32.8,0,0.297,0,0,SPXW,W,-95.09,95.09,32.8,17.151,0,0,0.002,-2.721,3.41,0.5,1,1,0,0,0,30.89
SPXW  250520C05760000,$SPX,5659.91,CALL,5760,2025-05-20T20:00:00.000+00:00,30.6,31.6,31.1,29.8,0.286,0,7,SPXW,W,-100.09,129.89,29.8,17.093,51.94,27,0.002,-2.663,3.352,0.482,1,1,29.8,27,0,29.33
SPXW  250520C05765000,$SPX,5659.91,CALL,5765,2025-05-20T20:00:00.000+00:00,28.9,29.9,29.4,28.3,0.275,0,2,SPXW,W,-105.09,133.39,28.3,17.019,28.3,28.3,0.002,-2.6,3.291,0.464,1,1,28.3,28.3,0,27.76
SPXW  250520C05770000,$SPX,5659.91,CALL,5770,2025-05-20T20:00:00.000+00:00,27.3,28.3,27.8,42.09,0.265,0,2,SPXW,W,-110.09,152.18,42.09,16.942,42.09,23,0.002,-2.535,3.226,0.447,1,1,0,0,0,26.2
SPXW  250520C05775000,$SPX,5659.91,CALL,5775,2025-05-20T20:00:00.000+00:00,25.8,26.7,26.25,26.67,0.254,0,6,SPXW,W,-115.09,141.76,26.67,16.864,47.45,20.44,0.002,-2.468,3.159,0.429,1,1,31.36,25.67,0,24.84
SPXW  250520C05780000,$SPX,5659.91,CALL,5780,2025-05-20T20:00:00.000+00:00,24.3,25.2,24.75,25.22,0.244,0,7,SPXW,W,-120.09,145.31,25.22,16.8,45.44,18,0.002,-2.402,3.091,0.412,1,1,25.22,24.27,0,23.49
SPXW  250520C05790000,$SPX,5659.91,CALL,5790,2025-05-20T20:00:00.000+00:00,21.5,22.4,21.95,20.56,0.224,0,224,SPXW,W,-130.09,150.65,20.56,16.651,37.97,17.8,0.002,-2.263,2.947,0.378,1,1,26,20.5,0,20.77
SPXW  250520C05800000,$SPX,5659.91,CALL,5800,2025-05-20T20:00:00.000+00:00,19,19.8,19.4,18.5,0.205,0,56,SPXW,W,-140.09,158.59,18.5,16.531,45.14,4.15,0.002,-2.127,2.797,0.346,1,1,25,17.7,0,18.16
SPXW  250520C05810000,$SPX,5659.91,CALL,5810,2025-05-20T20:00:00.000+00:00,16.6,17.5,17.05,16.63,0.186,0,2,SPXW,W,-150.09,166.72,16.63,16.413,33.2,14.8,0.002,-1.988,2.642,0.315,1,1,17.68,16.63,0,16.09
SPXW  250520C05820000,$SPX,5659.91,CALL,5820,2025-05-20T20:00:00.000+00:00,14.5,15.3,14.9,14.95,0.169,0,4,SPXW,W,-160.09,175.04,14.95,16.298,25.4,12,0.002,-1.85,2.484,0.286,1,7,17.23,14.95,0,14.03
SPXW  250520C05825000,$SPX,5659.91,CALL,5825,2025-05-20T20:00:00.000+00:00,13.6,14.3,13.95,13.08,0.16,0,8,SPXW,W,-165.09,178.17,13.08,16.211,26.89,10.67,0.002,-1.774,2.399,0.271,1,8,14.52,13.08,0,13.03
SPXW  250520C05830000,$SPX,5659.91,CALL,5830,2025-05-20T20:00:00.000+00:00,12.6,13.4,13,12.13,0.152,0,13,SPXW,W,-170.09,182.22,12.13,16.167,15.33,12.13,0.001,-1.707,2.32,0.258,18,8,15.33,12.13,0,12.22
SPXW  250520C05850000,$SPX,5659.91,CALL,5850,2025-05-20T20:00:00.000+00:00,9.5,10.1,9.8,9.05,0.122,0,31,SPXW,W,-190.09,199.14,9.05,15.941,27.91,7.23,0.001,-1.435,1.994,0.207,7,18,12.9,7.23,0,8.98
SPXW  250520C05875000,$SPX,5659.91,CALL,5875,2025-05-20T20:00:00.000+00:00,6.4,7,6.7,6,0.09,0,30,SPXW,W,-215.09,221.09,6,15.699,9,6,0.001,-1.123,1.603,0.153,77,24,9,6,0,6.2
SPXW  250520C05900000,$SPX,5659.91,CALL,5900,2025-05-20T20:00:00.000+00:00,4.3,4.7,4.5,4.33,0.065,0,55,SPXW,W,-240.09,244.42,4.33,15.47,15.8,2.2,0.001,-0.848,1.243,0.11,8,16,6.25,3.46,0,4.05
SPXW  250520C05950000,$SPX,5659.91,CALL,5950,2025-05-20T20:00:00.000+00:00,1.9,2.2,2.05,1.85,0.034,0,49,SPXW,W,-290.09,291.94,1.85,15.476,5.3,1.75,0,-0.49,0.737,0.057,55,50,3.23,1.8,0,1.75
SPXW  250520C06000000,$SPX,5659.91,CALL,6000,2025-05-20T20:00:00.000+00:00,0.9,1.15,1.02,0.9,0.018,0,83,SPXW,W,-340.09,340.99,0.9,15.777,7.4,0.85,0,-0.287,0.435,0.03,63,77,1.65,0.85,0,0.85
SPXW  250520C06100000,$SPX,5659.91,CALL,6100,2025-05-20T20:00:00.000+00:00,0.3,0.5,0.4,0.4,0.008,0,7,SPXW,W,-440.09,440.49,0.4,17.512,1.86,0.4,0,-0.145,0.205,0.013,18,175,0.7,0.4,0,0.33
SPXW  250520C06200000,$SPX,5659.91,CALL,6200,2025-05-20T20:00:00.000+00:00,0.15,0.35,0.25,0.2,0.005,0,3,SPXW,W,-540.09,540.29,0.2,19.853,1.58,0.2,0,-0.102,0.131,0.008,21,175,0.32,0.2,0,0.23
SPXW  250520C06400000,$SPX,5659.91,CALL,6400,2025-05-20T20:00:00.000+00:00,0.05,0.25,0.15,0.3,0.002,0,0,SPXW,W,-740.09,740.39,0.3,24.057,0.4,0.3,0,-0.053,0.058,0.003,23,25,0,0,0,0.03
SPXW  250520C06600000,$SPX,5659.91,CALL,6600,2025-05-20T20:00:00.000+00:00,0,0.2,0.1,0.2,0.001,0,0,SPXW,W,-940.09,940.29,0.2,28.917,0.3,0.2,0,-0.044,0.041,0.002,0,25,0,0,0,0
SPXW  250520C06800000,$SPX,5659.91,CALL,6800,2025-05-20T20:00:00.000+00:00,0,0.15,0.08,0.1,0.001,0,0,SPXW,W,-1140.09,1140.19,0.1,33.219,0.5,0.1,0,-0.035,0.029,0.001,0,25,0,0,0,0
SPXW  250520C07000000,$SPX,5659.91,CALL,7000,2025-05-20T20:00:00.000+00:00,0,0.15,0.08,0,0.001,0,0,SPXW,W,-1340.09,1340.09,0.075,37.99,0,0,0,-0.035,0.026,0.001,0,25,0,0,0,0
SPXW  250520C07200000,$SPX,5659.91,CALL,7200,2025-05-20T20:00:00.000+00:00,0,0.15,0.08,0,0.001,0,0,SPXW,W,-1540.09,1540.09,0.075,42.592,0,0,0,-0.036,0.023,0.001,0,141,0,0,0,0
SPXW  250520P02200000,$SPX,5659.91,PUT,2200,2025-05-20T20:00:00.000+00:00,0,0.1,0.05,0.05,0,0,0,SPXW,W,-3459.91,3459.96,0.05,147.526,0.2,0.05,0,-0.014,0.003,0,0,316,0,0,0,0
SPXW  250520P02400000,$SPX,5659.91,PUT,2400,2025-05-20T20:00:00.000+00:00,0,0.1,0.05,0.1,0,0,0,SPXW,W,-3259.91,3260.01,0.1,134.371,0.36,0.1,0,-0.014,0.003,0,0,302,0,0,0,0
SPXW  250520P02600000,$SPX,5659.91,PUT,2600,2025-05-20T20:00:00.000+00:00,0,0.1,0.05,0.05,0,0,2,SPXW,W,-3059.91,3059.96,0.05,122.28,2,0.05,0,-0.014,0.003,0,0,175,0.05,0.05,0,0
SPXW  250520P02800000,$SPX,5659.91,PUT,2800,2025-05-20T20:00:00.000+00:00,0,0.1,0.05,0.15,0,0,0,SPXW,W,-2859.91,2860.06,0.15,116.123,1.77,0.15,0,-0.026,0.006,0,0,175,0,0,0,0
SPXW  250520P03000000,$SPX,5659.91,PUT,3000,2025-05-20T20:00:00.000+00:00,0,0.1,0.05,0.15,0,0,0,SPXW,W,-2659.91,2660.06,0.15,110.496,2.61,0.15,0,-0.049,0.012,-0.001,0,175,0,0,0,0
SPXW  250520P03200000,$SPX,5659.91,PUT,3200,2025-05-20T20:00:00.000+00:00,0,0.15,0.08,0.2,0,0,0,SPXW,W,-2459.91,2460.11,0.2,99.796,2.45,0.2,0,-0.048,0.013,-0.001,0,269,0,0,0,0
SPXW  250520P03400000,$SPX,5659.91,PUT,3400,2025-05-20T20:00:00.000+00:00,0,0.15,0.08,0.1,0,0,2,SPXW,W,-2259.91,2260.01,0.1,85.402,3.43,0.1,0,-0.026,0.009,0,0,175,0.1,0.1,0,0
SPXW  250520P03600000,$SPX,5659.91,PUT,3600,2025-05-20T20:00:00.000+00:00,0.05,0.2,0.13,0.15,0,0,6,SPXW,W,-2059.91,2060.06,0.15,78.525,6.4,0.15,0,-0.037,0.013,-0.001,30,175,0.15,0.15,0,0
SPXW  250520P03800000,$SPX,5659.91,PUT,3800,2025-05-20T20:00:00.000+00:00,0.05,0.25,0.15,0.3,-0.001,0,0,SPXW,W,-1859.91,1860.21,0.3,73.494,8.5,0.3,0,-0.068,0.025,-0.001,175,259,0,0,0,0
SPXW  250520P04000000,$SPX,5659.91,PUT,4000,2025-05-20T20:00:00.000+00:00,0.1,0.3,0.2,0.3,-0.001,0,3,SPXW,W,-1659.91,1660.21,0.3,66.201,12.48,0.3,0,-0.087,0.035,-0.002,25,175,0.3,0.3,0,0.04
SPXW  250520P04200000,$SPX,5659.91,PUT,4200,2025-05-20T20:00:00.000+00:00,0.2,0.4,0.3,0.25,-0.002,0,320,SPXW,W,-1459.91,1460.16,0.25,59.658,29.75,0.25,0,-0.124,0.054,-0.003,25,175,0.4,0.25,0,0.23
SPXW  250520P04300000,$SPX,5659.91,PUT,4300,2025-05-20T20:00:00.000+00:00,0.25,0.45,0.35,0.4,-0.002,0,2,SPXW,W,-1359.91,1360.31,0.4,56.126,12,0.35,0,-0.141,0.065,-0.004,25,25,0.4,0.35,0,0.33
SPXW  250520P04400000,$SPX,5659.91,PUT,4400,2025-05-20T20:00:00.000+00:00,0.35,0.55,0.45,0.65,-0.003,0,120,SPXW,W,-1259.91,1260.56,0.65,52.805,20,0.55,0,-0.165,0.081,-0.005,25,25,0.65,0.55,0,0.43
SPXW  250520P04500000,$SPX,5659.91,PUT,4500,2025-05-20T20:00:00.000+00:00,0.45,0.65,0.55,0.7,-0.004,0,121,SPXW,W,-1159.91,1160.61,0.7,49.796,41.61,0.65,0,-0.205,0.105,-0.006,25,25,0.78,0.65,0,0.53
SPXW  250520P04600000,$SPX,5659.91,PUT,4600,2025-05-20T20:00:00.000+00:00,0.55,0.8,0.68,0.85,-0.004,0,180,SPXW,W,-1059.91,1060.76,0.85,46.284,33.55,0.85,0,-0.234,0.128,-0.008,175,25,0.85,0.85,0,0.68
SPXW  250520P04700000,$SPX,5659.91,PUT,4700,2025-05-20T20:00:00.000+00:00,0.75,0.95,0.85,0.95,-0.006,0,120,SPXW,W,-959.91,960.86,0.95,43.245,59.02,0.95,0,-0.291,0.169,-0.011,175,25,1.08,0.95,0,0.88
SPXW  250520P04800000,$SPX,5659.91,PUT,4800,2025-05-20T20:00:00.000+00:00,0.95,1.2,1.08,1.12,-0.008,0,86,SPXW,W,-859.91,861.03,1.12,39.97,105.12,1.12,0,-0.35,0.217,-0.014,152,25,1.48,1.12,0,1.13
SPXW  250520P04850000,$SPX,5659.91,PUT,4850,2025-05-20T20:00:00.000+00:00,1.1,1.35,1.23,1.45,-0.009,0,24,SPXW,W,-809.91,811.36,1.45,38.267,38.73,1.45,0,-0.381,0.246,-0.016,134,25,1.45,1.45,0,1.27
SPXW  250520P04900000,$SPX,5659.91,PUT,4900,2025-05-20T20:00:00.000+00:00,1.3,1.55,1.43,1.7,-0.011,0,1,SPXW,W,-759.91,761.61,1.7,36.669,97.7,1.7,0,-0.423,0.283,-0.019,21,25,1.7,1.7,0,1.45
SPXW  250520P04950000,$SPX,5659.91,PUT,4950,2025-05-20T20:00:00.000+00:00,1.45,1.75,1.6,2.04,-0.013,0,10,SPXW,W,-709.91,711.95,2.04,35.042,64.33,2.04,0,-0.469,0.326,-0.023,19,25,2.06,2.04,0,1.65
SPXW  250520P04975000,$SPX,5659.91,PUT,4975,2025-05-20T20:00:00.000+00:00,1.55,1.85,1.7,1.9,-0.014,0,6,SPXW,W,-684.91,686.81,1.9,34.259,69.6,1.9,0,-0.497,0.352,-0.025,19,25,1.9,1.9,0,1.78
SPXW  250520P05000000,$SPX,5659.91,PUT,5000,2025-05-20T20:00:00.000+00:00,1.7,1.95,1.83,2.08,-0.015,0,8,SPXW,W,-659.91,661.99,2.08,33.441,111.77,2.08,0,-0.524,0.379,-0.027,19,24,2.39,2.08,0,1.9
SPXW  250520P05025000,$SPX,5659.91,PUT,5025,2025-05-20T20:00:00.000+00:00,1.8,2.1,1.95,2.59,-0.017,0,8,SPXW,W,-634.91,637.5,2.59,32.651,31.6,2.45,0,-0.555,0.41,-0.029,18,23,2.59,2.45,0,2.05
SPXW  250520P05050000,$SPX,5659.91,PUT,5050,2025-05-20T20:00:00.000+00:00,1.95,2.25,2.1,2.85,-0.018,0,27,SPXW,W,-609.91,612.76,2.85,31.826,134.5,2.55,0,-0.586,0.443,-0.032,18,22,2.85,2.55,0,2.2
SPXW  250520P05060000,$SPX,5659.91,PUT,5060,2025-05-20T20:00:00.000+00:00,2,2.3,2.15,6.56,-0.019,0,0,SPXW,W,-599.91,606.47,6.56,31.464,20.22,6.56,0,-0.595,0.455,-0.033,18,22,0,0,0,2.26
SPXW  250520P05070000,$SPX,5659.91,PUT,5070,2025-05-20T20:00:00.000+00:00,2.05,2.35,2.2,2.8,-0.019,0,70,SPXW,W,-589.91,592.71,2.8,31.098,24.89,2.7,0,-0.604,0.467,-0.034,18,21,2.85,2.7,0,2.33
SPXW  250520P05075000,$SPX,5659.91,PUT,5075,2025-05-20T20:00:00.000+00:00,2.1,2.4,2.25,2.9,-0.02,0,5,SPXW,W,-584.91,587.81,2.9,30.966,155.82,2.9,0,-0.615,0.476,-0.035,18,21,2.9,2.9,0,2.36
SPXW  250520P05080000,$SPX,5659.91,PUT,5080,2025-05-20T20:00:00.000+00:00,2.1,2.4,2.25,2.8,-0.02,0,6,SPXW,W,-579.91,582.71,2.8,30.728,28.59,2.8,0,-0.614,0.479,-0.035,18,21,2.8,2.8,0,2.39
SPXW  250520P05090000,$SPX,5659.91,PUT,5090,2025-05-20T20:00:00.000+00:00,2.15,2.45,2.3,2.5,-0.021,0,67,SPXW,W,-569.91,572.41,2.5,30.455,44.03,2.4,0,-0.634,0.498,-0.037,18,21,2.85,2.4,0,2.46
SPXW  250520P05100000,$SPX,5659.91,PUT,5100,2025-05-20T20:00:00.000+00:00,2.25,2.55,2.4,2.6,-0.022,0,219,SPXW,W,-559.91,562.51,2.6,30.075,162.7,2.6,0,-0.642,0.511,-0.038,18,21,3.04,2.6,0,2.53
SPXW  250520P05110000,$SPX,5659.91,PUT,5110,2025-05-20T20:00:00.000+00:00,2.3,2.6,2.45,2.9,-0.023,0,6,SPXW,W,-549.91,552.81,2.9,29.786,55.35,2.9,0,-0.661,0.53,-0.04,18,20,2.9,2.9,0,2.62
SPXW  250520P05120000,$SPX,5659.91,PUT,5120,2025-05-20T20:00:00.000+00:00,2.4,2.7,2.55,2.8,-0.023,0,89,SPXW,W,-539.91,542.71,2.8,29.396,99.39,2.75,0,-0.67,0.543,-0.041,18,20,2.8,2.75,0,2.7
SPXW  250520P05125000,$SPX,5659.91,PUT,5125,2025-05-20T20:00:00.000+00:00,2.4,2.75,2.58,2.75,-0.024,0,20,SPXW,W,-534.91,537.66,2.75,29.245,121.6,2.75,0,-0.679,0.553,-0.042,18,19,3.02,2.75,0,2.75
SPXW  250520P05130000,$SPX,5659.91,PUT,5130,2025-05-20T20:00:00.000+00:00,2.45,2.75,2.6,20.8,-0.024,0,0,SPXW,W,-529.91,550.71,20.8,29.092,51.98,20.7,0,-0.688,0.563,-0.043,18,19,0,0,0,2.8
SPXW  250520P05140000,$SPX,5659.91,PUT,5140,2025-05-20T20:00:00.000+00:00,2.55,2.85,2.7,14.73,-0.025,0,0,SPXW,W,-519.91,534.64,14.73,28.736,107.34,14.73,0,-0.701,0.58,-0.044,18,19,0,0,0,2.9
SPXW  250520P05150000,$SPX,5659.91,PUT,5150,2025-05-20T20:00:00.000+00:00,2.65,2.95,2.8,2.85,-0.026,0,25,SPXW,W,-509.91,512.76,2.85,28.417,170.46,2.85,0,-0.719,0.601,-0.046,18,18,3.3,2.85,0,3
SPXW  250520P05160000,$SPX,5659.91,PUT,5160,2025-05-20T20:00:00.000+00:00,2.75,3.1,2.93,9.33,-0.027,0,0,SPXW,W,-499.91,509.24,9.33,28.089,9.9,9.33,0,-0.736,0.622,-0.048,18,110,0,0,0,3.1
SPXW  250520P05170000,$SPX,5659.91,PUT,5170,2025-05-20T20:00:00.000+00:00,2.85,3.2,3.03,3.98,-0.029,0,6,SPXW,W,-489.91,493.89,3.98,27.793,108.7,3.98,0,-0.758,0.646,-0.05,18,53,3.98,3.98,0,3.21
SPXW  250520P05175000,$SPX,5659.91,PUT,5175,2025-05-20T20:00:00.000+00:00,2.9,3.2,3.05,5.72,-0.029,0,0,SPXW,W,-484.91,490.63,5.72,27.66,160.37,5.72,0,-0.772,0.66,-0.051,18,18,0,0,0,3.28
SPXW  250520P05180000,$SPX,5659.91,PUT,5180,2025-05-20T20:00:00.000+00:00,2.95,3.3,3.13,3.3,-0.03,0,53,SPXW,W,-479.91,483.21,3.3,27.411,144.24,3.3,0,-0.77,0.664,-0.052,18,52,3.3,3.3,0,3.36
SPXW  250520P05190000,$SPX,5659.91,PUT,5190,2025-05-20T20:00:00.000+00:00,3,3.4,3.2,4.1,-0.031,0,0,SPXW,W,-469.91,474.01,4.1,27.206,121.16,4.1,0,-0.805,0.698,-0.055,18,18,0,0,0,3.5
SPXW  250520P05200000,$SPX,5659.91,PUT,5200,2025-05-20T20:00:00.000+00:00,3.2,3.6,3.4,3.96,-0.033,0,5,SPXW,W,-459.91,463.87,3.96,26.845,139.55,3.96,0,-0.821,0.72,-0.057,17,48,4.46,3.96,0,3.65
SPXW  250520P05210000,$SPX,5659.91,PUT,5210,2025-05-20T20:00:00.000+00:00,3.3,3.7,3.5,4.4,-0.035,0,0,SPXW,W,-449.91,454.31,4.4,26.611,188.13,4.4,0,-0.854,0.755,-0.061,17,17,0,0,0,3.8
SPXW  250520P05220000,$SPX,5659.91,PUT,5220,2025-05-20T20:00:00.000+00:00,3.5,3.9,3.7,4.88,-0.036,0,6,SPXW,W,-439.91,444.79,4.88,26.233,120.43,4.88,0,-0.869,0.778,-0.063,16,44,4.88,4.88,0,4
SPXW  250520P05225000,$SPX,5659.91,PUT,5225,2025-05-20T20:00:00.000+00:00,3.6,4,3.8,5.41,-0.037,0,0,SPXW,W,-434.91,440.32,5.41,26.104,179.32,5.41,0,-0.885,0.795,-0.065,16,43,0,0,0,4.1
SPXW  250520P05230000,$SPX,5659.91,PUT,5230,2025-05-20T20:00:00.000+00:00,3.6,4,3.8,4.7,-0.038,0,0,SPXW,W,-429.91,434.61,4.7,25.972,91.4,4.7,0,-0.901,0.813,-0.066,16,16,0,0,0,4.2
SPXW  250520P05240000,$SPX,5659.91,PUT,5240,2025-05-20T20:00:00.000+00:00,3.8,4.2,4,10.3,-0.04,0,0,SPXW,W,-419.91,430.21,10.3,25.697,62.64,10.3,0,-0.932,0.848,-0.07,16,16,0,0,0,4.4
SPXW  250520P05250000,$SPX,5659.91,PUT,5250,2025-05-20T20:00:00.000+00:00,4,4.5,4.25,4.46,-0.042,0,54,SPXW,W,-409.91,414.37,4.46,25.465,245.71,4.46,0,-0.97,0.89,-0.074,16,39,6.3,4.46,0,4.65
SPXW  250520P05260000,$SPX,5659.91,PUT,5260,2025-05-20T20:00:00.000+00:00,4.3,4.7,4.5,14,-0.045,0,0,SPXW,W,-399.91,413.91,14,25.215,134.22,11.57,0,-1.008,0.931,-0.078,15,37,0,0,0,4.91
SPXW  250520P05270000,$SPX,5659.91,PUT,5270,2025-05-20T20:00:00.000+00:00,4.5,4.9,4.7,6.4,-0.047,0,0,SPXW,W,-389.91,396.31,6.4,24.948,150.24,6.4,0,-1.044,0.973,-0.083,15,15,0,0,0,5.17
SPXW  250520P05275000,$SPX,5659.91,PUT,5275,2025-05-20T20:00:00.000+00:00,4.7,5.1,4.9,5.71,-0.049,0,8,SPXW,W,-384.91,390.62,5.71,24.834,230.48,5.71,0,-1.065,0.996,-0.085,15,35,5.71,5.71,0,5.31
SPXW  250520P05280000,$SPX,5659.91,PUT,5280,2025-05-20T20:00:00.000+00:00,4.8,5.2,5,10,-0.05,0,0,SPXW,W,-379.91,389.91,10,24.714,240.92,10,0,-1.086,1.02,-0.088,14,34,0,0,0,5.44
SPXW  250520P05290000,$SPX,5659.91,PUT,5290,2025-05-20T20:00:00.000+00:00,5.1,5.5,5.3,17.3,-0.053,0,0,SPXW,W,-369.91,387.21,17.3,24.462,144.67,15.6,0,-1.127,1.067,-0.093,14,33,0,0,0,5.71
SPXW  250520P05300000,$SPX,5659.91,PUT,5300,2025-05-20T20:00:00.000+00:00,5.4,5.9,5.65,6.51,-0.056,0,9,SPXW,W,-359.91,366.42,6.51,24.192,230.23,6.5,0,-1.167,1.115,-0.098,13,30,8.2,6.51,0,6.14
SPXW  250520P05310000,$SPX,5659.91,PUT,5310,2025-05-20T20:00:00.000+00:00,5.8,6.3,6.05,20.89,-0.06,0,0,SPXW,W,-349.91,370.8,20.89,23.99,159.71,14.73,0.001,-1.22,1.173,-0.105,14,28,0,0,0,6.56
SPXW  250520P05320000,$SPX,5659.91,PUT,5320,2025-05-20T20:00:00.000+00:00,6.2,6.7,6.45,8.61,-0.064,0,0,SPXW,W,-339.91,348.52,8.61,23.806,183.63,8.61,0.001,-1.277,1.235,-0.112,14,27,0,0,0,7.04
SPXW  250520P05325000,$SPX,5659.91,PUT,5325,2025-05-20T20:00:00.000+00:00,6.4,6.9,6.65,13.15,-0.066,0,0,SPXW,W,-334.91,348.06,13.15,23.724,125.23,12.04,0.001,-1.309,1.268,-0.116,13,26,0,0,0,7.27
SPXW  250520P05330000,$SPX,5659.91,PUT,5330,2025-05-20T20:00:00.000+00:00,6.6,7.1,6.85,21.67,-0.068,0,0,SPXW,W,-329.91,351.58,21.67,23.596,55.6,16.17,0.001,-1.332,1.297,-0.119,13,26,0,0,0,7.53
SPXW  250520P05340000,$SPX,5659.91,PUT,5340,2025-05-20T20:00:00.000+00:00,7.1,7.6,7.35,12.7,-0.073,0,0,SPXW,W,-319.91,332.61,12.7,23.437,259.46,12.7,0.001,-1.399,1.368,-0.128,13,25,0,0,0,8.05
SPXW  250520P05350000,$SPX,5659.91,PUT,5350,2025-05-20T20:00:00.000+00:00,7.6,8.1,7.85,9.5,-0.078,0,11,SPXW,W,-309.91,319.41,9.5,23.248,251.8,8.51,0.001,-1.462,1.438,-0.136,12,24,9.5,9.5,0,8.56
SPXW  250520P05360000,$SPX,5659.91,PUT,5360,2025-05-20T20:00:00.000+00:00,8.2,8.7,8.45,23.3,-0.083,0,0,SPXW,W,-299.91,323.21,23.3,23.066,274.69,23.3,0.001,-1.527,1.511,-0.146,11,24,0,0,0,9.22
SPXW  250520P05370000,$SPX,5659.91,PUT,5370,2025-05-20T20:00:00.000+00:00,8.8,9.4,9.1,28.19,-0.089,0,0,SPXW,W,-289.91,318.1,28.19,22.888,145,23.63,0.001,-1.596,1.588,-0.156,11,76,0,0,0,9.93
SPXW  250520P05375000,$SPX,5659.91,PUT,5375,2025-05-20T20:00:00.000+00:00,9.1,9.7,9.4,9.52,-0.092,0,12,SPXW,W,-284.91,294.43,9.52,22.804,149.99,9.52,0.001,-1.632,1.628,-0.161,11,43,12.5,9.52,0,10.29
SPXW  250520P05380000,$SPX,5659.91,PUT,5380,2025-05-20T20:00:00.000+00:00,9.5,10,9.75,29.89,-0.095,0,0,SPXW,W,-279.91,309.8,29.89,22.712,138.86,26.69,0.001,-1.667,1.668,-0.166,11,21,0,0,0,10.65
SPXW  250520P05385000,$SPX,5659.91,PUT,5385,2025-05-20T20:00:00.000+00:00,9.8,10.4,10.1,24.5,-0.098,0,0,SPXW,W,-274.91,299.41,24.5,22.641,29.5,24.5,0.001,-1.706,1.711,-0.172,11,20,0,0,0,11.01
SPXW  250520P05390000,$SPX,5659.91,PUT,5390,2025-05-20T20:00:00.000+00:00,10.2,10.8,10.5,12.4,-0.102,0,38,SPXW,W,-269.91,282.31,12.4,22.563,146.3,12.4,0.001,-1.744,1.753,-0.178,11,72,12.9,12.4,0,11.37
SPXW  250520P05395000,$SPX,5659.91,PUT,5395,2025-05-20T20:00:00.000+00:00,10.6,11.2,10.9,11.8,-0.105,0,0,SPXW,W,-264.91,276.71,11.8,22.476,11.8,10.8,0.001,-1.781,1.796,-0.184,11,70,0,0,0,11.73
SPXW  250520P05400000,$SPX,5659.91,PUT,5400,2025-05-20T20:00:00.000+00:00,11,11.6,11.3,12.54,-0.109,0,165,SPXW,W,-259.91,272.45,12.54,22.409,309.38,11.08,0.001,-1.823,1.841,-0.191,45,60,14.6,11.08,0,12.08
SPXW  250520P05405000,$SPX,5659.91,PUT,5405,2025-05-20T20:00:00.000+00:00,11.4,12,11.7,12.8,-0.113,0,0,SPXW,W,-254.91,267.71,12.8,22.333,12.8,11.5,0.001,-1.863,1.886,-0.197,9,19,0,0,0,12.53
SPXW  250520P05410000,$SPX,5659.91,PUT,5410,2025-05-20T20:00:00.000+00:00,11.9,12.4,12.15,12.5,-0.116,0,0,SPXW,W,-249.91,262.41,12.5,22.248,321.87,12.1,0.001,-1.901,1.93,-0.204,9,18,0,0,0,13.03
SPXW  250520P05415000,$SPX,5659.91,PUT,5415,2025-05-20T20:00:00.000+00:00,12.3,12.9,12.6,13.5,-0.12,0,0,SPXW,W,-244.91,258.41,13.5,22.156,13.5,13.5,0.001,-1.939,1.975,-0.211,10,17,0,0,0,13.53
SPXW  250520P05420000,$SPX,5659.91,PUT,5420,2025-05-20T20:00:00.000+00:00,12.8,13.4,13.1,13.45,-0.125,0,0,SPXW,W,-239.91,253.36,13.45,22.105,126.44,13.45,0.001,-1.985,2.024,-0.218,9,18,0,0,0,14.04
SPXW  250520P05425000,$SPX,5659.91,PUT,5425,2025-05-20T20:00:00.000+00:00,13.3,13.9,13.6,14.95,-0.129,0,7,SPXW,W,-234.91,249.86,14.95,22.044,263.78,13.95,0.001,-2.029,2.073,-0.226,9,17,16.53,13.95,0,14.54
SPXW  250520P05430000,$SPX,5659.91,PUT,5430,2025-05-20T20:00:00.000+00:00,13.8,14.4,14.1,35.87,-0.133,0,0,SPXW,W,-229.91,265.78,35.87,21.95,203.09,31.44,0.001,-2.067,2.119,-0.233,9,16,0,0,0,15.18
SPXW  250520P05435000,$SPX,5659.91,PUT,5435,2025-05-20T20:00:00.000+00:00,14.3,14.9,14.6,0,-0.138,0,0,SPXW,W,-224.91,224.91,14.6,21.895,0,0,0.001,-2.113,2.169,-0.241,9,16,0,0,0,15.81
SPXW  250520P05440000,$SPX,5659.91,PUT,5440,2025-05-20T20:00:00.000+00:00,14.8,15.6,15.2,17.1,-0.142,0,2,SPXW,W,-219.91,237.01,17.1,21.83,142,16.52,0.001,-2.157,2.219,-0.249,9,50,18.3,17.1,0,16.45
SPXW  250520P05445000,$SPX,5659.91,PUT,5445,2025-05-20T20:00:00.000+00:00,15.4,16.1,15.75,17.37,-0.147,0,0,SPXW,W,-214.91,232.28,17.37,21.755,35.8,17.37,0.001,-2.199,2.268,-0.258,1,9,0,0,0,17.09
SPXW  250520P05450000,$SPX,5659.91,PUT,5450,2025-05-20T20:00:00.000+00:00,16,16.7,16.35,19.63,-0.152,0,38,SPXW,W,-209.91,229.54,19.63,21.671,229.72,15.24,0.001,-2.239,2.317,-0.266,1,1,20.6,16.4,0,17.75
SPXW  250520P05455000,$SPX,5659.91,PUT,5455,2025-05-20T20:00:00.000+00:00,16.6,17.4,17,17.87,-0.157,0,0,SPXW,W,-204.91,222.78,17.87,21.577,36.35,17.87,0.001,-2.276,2.364,-0.274,1,48,0,0,0,18.4
SPXW  250520P05460000,$SPX,5659.91,PUT,5460,2025-05-20T20:00:00.000+00:00,17.2,18,17.6,22.5,-0.162,0,1,SPXW,W,-199.91,222.41,22.5,21.517,81.45,16.91,0.001,-2.322,2.416,-0.284,1,33,22.5,22.5,0,19.06
SPXW  250520P05465000,$SPX,5659.91,PUT,5465,2025-05-20T20:00:00.000+00:00,17.9,18.7,18.3,43.07,-0.167,0,0,SPXW,W,-194.91,237.98,43.07,21.45,43.07,39.07,0.001,-2.367,2.468,-0.293,1,46,0,0,0,19.72
SPXW  250520P05470000,$SPX,5659.91,PUT,5470,2025-05-20T20:00:00.000+00:00,18.5,19.4,18.95,20.41,-0.173,0,1,SPXW,W,-189.91,210.32,20.41,21.371,91.12,17.14,0.001,-2.408,2.518,-0.302,1,46,20.41,20.41,0,20.37
SPXW  250520P05475000,$SPX,5659.91,PUT,5475,2025-05-20T20:00:00.000+00:00,19.3,20.1,19.7,20.7,-0.178,0,11,SPXW,W,-184.91,205.61,20.7,21.3,224.96,18.46,0.001,-2.45,2.569,-0.312,1,31,25,18.95,0,21.03
SPXW  250520P05480000,$SPX,5659.91,PUT,5480,2025-05-20T20:00:00.000+00:00,20,20.8,20.4,22.13,-0.184,0,3,SPXW,W,-179.91,202.04,22.13,21.223,48.94,19.13,0.001,-2.492,2.62,-0.322,1,1,24.2,22.13,0,21.68
SPXW  250520P05485000,$SPX,5659.91,PUT,5485,2025-05-20T20:00:00.000+00:00,20.7,21.6,21.15,22.98,-0.19,0,1,SPXW,W,-174.91,197.89,22.98,21.17,123.01,22.98,0.001,-2.537,2.673,-0.333,1,31,22.98,22.98,0,22.62
SPXW  250520P05490000,$SPX,5659.91,PUT,5490,2025-05-20T20:00:00.000+00:00,21.5,22.4,21.95,23.47,-0.196,0,1,SPXW,W,-169.91,193.38,23.47,21.09,108.13,23.15,0.001,-2.577,2.723,-0.343,1,30,23.47,23.47,0,23.56
SPXW  250520P05495000,$SPX,5659.91,PUT,5495,2025-05-20T20:00:00.000+00:00,22.3,23.2,22.75,26.3,-0.202,0,0,SPXW,W,-164.91,191.21,26.3,21.037,53.05,26.3,0.001,-2.622,2.776,-0.354,1,1,0,0,0,24.49
SPXW  250520P05500000,$SPX,5659.91,PUT,5500,2025-05-20T20:00:00.000+00:00,23.2,24,23.6,25.36,-0.208,0,264,SPXW,W,-159.91,185.27,25.36,20.938,242.83,21.59,0.001,-2.657,2.825,-0.365,1,1,27.4,22.75,0,25.43
SPXW  250520P05505000,$SPX,5659.91,PUT,5505,2025-05-20T20:00:00.000+00:00,24,24.9,24.45,23.27,-0.215,0,6,SPXW,W,-154.91,178.18,23.27,20.899,46.99,22,0.001,-2.705,2.879,-0.377,1,1,23.27,22.4,0,26.37
SPXW  250520P05510000,$SPX,5659.91,PUT,5510,2025-05-20T20:00:00.000+00:00,24.9,25.8,25.35,27.2,-0.221,0,9,SPXW,W,-149.91,177.11,27.2,20.815,149.66,21.9,0.001,-2.742,2.929,-0.388,1,1,27.2,24.07,0,27.35
SPXW  250520P05515000,$SPX,5659.91,PUT,5515,2025-05-20T20:00:00.000+00:00,25.8,26.8,26.3,27.97,-0.228,0,9,SPXW,W,-144.91,172.88,27.97,20.755,40.4,23.7,0.001,-2.783,2.98,-0.4,1,40,28.67,24.4,0,28.34
SPXW  250520P05520000,$SPX,5659.91,PUT,5520,2025-05-20T20:00:00.000+00:00,26.8,27.7,27.25,28.8,-0.235,0,87,SPXW,W,-139.91,168.71,28.8,20.667,118.99,23.7,0.002,-2.819,3.029,-0.412,1,1,30.45,24.29,0,29.34
SPXW  250520P05525000,$SPX,5659.91,PUT,5525,2025-05-20T20:00:00.000+00:00,27.8,28.7,28.25,29.68,-0.242,0,11,SPXW,W,-134.91,164.59,29.68,20.585,130.3,24.91,0.002,-2.854,3.078,-0.425,1,1,29.73,29.15,0,30.34
SPXW  250520P05530000,$SPX,5659.91,PUT,5530,2025-05-20T20:00:00.000+00:00,28.8,29.8,29.3,32.5,-0.249,0,3,SPXW,W,-129.91,162.41,32.5,20.526,159.57,30.05,0.002,-2.894,3.127,-0.438,1,38,32.5,30.05,0,31.34
SPXW  250520P05535000,$SPX,5659.91,PUT,5535,2025-05-20T20:00:00.000+00:00,29.9,30.8,30.35,31.8,-0.257,0,19,SPXW,W,-124.91,156.71,31.8,20.455,64.3,28.07,0.002,-2.93,3.176,-0.451,1,16,31.8,28.64,0,32.34
SPXW  250520P05540000,$SPX,5659.91,PUT,5540,2025-05-20T20:00:00.000+00:00,30.9,31.9,31.4,30.1,-0.264,0,8,SPXW,W,-119.91,150.01,30.1,20.374,159,26.95,0.002,-2.963,3.223,-0.464,1,15,34.9,30.1,0,33.34
SPXW  250520P05545000,$SPX,5659.91,PUT,5545,2025-05-20T20:00:00.000+00:00,32.1,33,32.55,31.86,-0.272,0,4,SPXW,W,-114.91,146.77,31.86,20.297,71.52,27.77,0.002,-2.995,3.27,-0.477,1,15,31.86,31.09,0,34.33
SPXW  250520P05550000,$SPX,5659.91,PUT,5550,2025-05-20T20:00:00.000+00:00,33.2,34.2,33.7,36.3,-0.28,0,18,SPXW,W,-109.91,146.21,36.3,20.24,151.3,28.34,0.002,-3.031,3.317,-0.491,1,15,37.62,31.33,0,35.74
SPXW  250520P05555000,$SPX,5659.91,PUT,5555,2025-05-20T20:00:00.000+00:00,34.4,35.4,34.9,30.6,-0.288,0,9,SPXW,W,-104.91,135.51,30.6,20.157,69.2,30.6,0.002,-3.06,3.361,-0.505,1,14,32.54,30.6,0,37.14
SPXW  250520P05560000,$SPX,5659.91,PUT,5560,2025-05-20T20:00:00.000+00:00,35.7,36.6,36.15,38.26,-0.296,0,242,SPXW,W,-99.91,138.17,38.26,20.093,183.47,33.35,0.002,-3.092,3.406,-0.52,26,14,38.98,38.26,0,38.54
SPXW  250520P05565000,$SPX,5659.91,PUT,5565,2025-05-20T20:00:00.000+00:00,36.9,37.9,37.4,38.4,-0.304,0,4,SPXW,W,-94.91,133.31,38.4,20.016,139.1,32.8,0.002,-3.12,3.449,-0.535,1,14,46,38.4,0,39.94
SPXW  250520P05570000,$SPX,5659.91,PUT,5570,2025-05-20T20:00:00.000+00:00,38.2,39.2,38.7,39.65,-0.313,0,2,SPXW,W,-89.91,129.56,39.65,19.957,178.2,30.88,0.002,-3.149,3.491,-0.55,1,14,44.67,39.65,0,41.35
SPXW  250520P05575000,$SPX,5659.91,PUT,5575,2025-05-20T20:00:00.000+00:00,39.5,40.6,40.05,41.76,-0.322,0,10,SPXW,W,-84.91,126.67,41.76,19.887,154.2,33.47,0.002,-3.175,3.531,-0.565,1,14,41.85,39.68,0,42.75
SPXW  250520P05580000,$SPX,5659.91,PUT,5580,2025-05-20T20:00:00.000+00:00,40.9,41.9,41.4,40,-0.33,0,116,SPXW,W,-79.91,119.91,40,19.804,132.2,33.98,0.002,-3.197,3.57,-0.58,1,13,50,35.96,0,44.15
SPXW  250520P05585000,$SPX,5659.91,PUT,5585,2025-05-20T20:00:00.000+00:00,42.3,43.4,42.85,48.44,-0.339,0,0,SPXW,W,-74.91,123.35,48.44,19.738,159.5,48.44,0.002,-3.22,3.608,-0.596,1,11,0,0,0,45.65
SPXW  250520P05590000,$SPX,5659.91,PUT,5590,2025-05-20T20:00:00.000+00:00,43.8,44.8,44.3,37.1,-0.348,0,0,SPXW,W,-69.91,107.01,37.1,19.66,174.8,37.1,0.002,-3.24,3.643,-0.612,1,8,0,0,0,47.25
SPXW  250520P05595000,$SPX,5659.91,PUT,5595,2025-05-20T20:00:00.000+00:00,45.3,46.4,45.85,43,-0.358,0,1,SPXW,W,-64.91,107.91,43,19.598,82.52,43,0.002,-3.26,3.678,-0.629,1,9,43,43,0,48.85
SPXW  250520P05600000,$SPX,5659.91,PUT,5600,2025-05-20T20:00:00.000+00:00,46.9,47.9,47.4,48.2,-0.367,0,12,SPXW,W,-59.91,108.11,48.2,19.523,237.6,37.48,0.002,-3.276,3.71,-0.645,1,9,56.5,46.63,0,50.46
SPXW  250520P05605000,$SPX,5659.91,PUT,5605,2025-05-20T20:00:00.000+00:00,48.5,49.5,49,39.92,-0.377,0,0,SPXW,W,-54.91,94.83,39.92,19.45,92.69,39.92,0.002,-3.291,3.741,-0.662,1,9,0,0,0,52.06
SPXW  250520P05610000,$SPX,5659.91,PUT,5610,2025-05-20T20:00:00.000+00:00,50.1,51.2,50.65,45.67,-0.386,0,0,SPXW,W,-49.91,95.58,45.67,19.378,144.7,44.1,0.002,-3.304,3.77,-0.679,1,9,0,0,0,53.66
SPXW  250520P05615000,$SPX,5659.91,PUT,5615,2025-05-20T20:00:00.000+00:00,51.8,52.9,52.35,50.47,-0.396,0,6,SPXW,W,-44.91,95.38,50.47,19.303,119.1,46.73,0.002,-3.313,3.796,-0.697,1,9,57.3,46.73,0,55.26
SPXW  250520P05620000,$SPX,5659.91,PUT,5620,2025-05-20T20:00:00.000+00:00,53.5,54.6,54.05,48.28,-0.406,0,1,SPXW,W,-39.91,88.19,48.28,19.232,153.6,42.92,0.002,-3.321,3.821,-0.714,1,9,48.28,48.28,0,56.87
SPXW  250520P05625000,$SPX,5659.91,PUT,5625,2025-05-20T20:00:00.000+00:00,55.3,56.4,55.85,53.83,-0.416,0,3,SPXW,W,-34.91,88.74,53.83,19.163,154.4,44.27,0.002,-3.328,3.843,-0.732,1,9,62.74,53.83,0,58.47
SPXW  250520P05630000,$SPX,5659.91,PUT,5630,2025-05-20T20:00:00.000+00:00,57.1,58.2,57.65,60,-0.426,0,42,SPXW,W,-29.91,89.91,60,19.07,99.06,45.28,0.002,-3.328,3.863,-0.75,1,9,60,49.48,0,60.07
SPXW  250520P05635000,$SPX,5659.91,PUT,5635,2025-05-20T20:00:00.000+00:00,59,60.1,59.55,64.77,-0.437,0,5,SPXW,W,-24.91,89.68,64.77,19.012,101.38,64.47,0.002,-3.332,3.88,-0.769,1,9,64.77,64.77,0,62.05
SPXW  250520P05640000,$SPX,5659.91,PUT,5640,2025-05-20T20:00:00.000+00:00,61,62,61.5,51.48,-0.447,0,0,SPXW,W,-19.91,71.39,51.48,18.942,102.8,50.32,0.002,-3.331,3.895,-0.787,1,8,0,0,0,64.02
SPXW  250520P05645000,$SPX,5659.91,PUT,5645,2025-05-20T20:00:00.000+00:00,62.9,64,63.45,65.1,-0.457,0,1,SPXW,W,-14.91,80.01,65.1,18.872,111.5,65.1,0.002,-3.328,3.908,-0.806,1,8,65.1,65.1,0,66
SPXW  250520P05650000,$SPX,5659.91,PUT,5650,2025-05-20T20:00:00.000+00:00,65,66,65.5,63.85,-0.468,0,26,SPXW,W,-9.91,73.76,63.85,18.785,155.6,53.6,0.002,-3.318,3.917,-0.825,1,8,74.61,59.45,0,67.97
SPXW  250520P05655000,$SPX,5659.91,PUT,5655,2025-05-20T20:00:00.000+00:00,67,68.1,67.55,67.3,-0.479,0,12,SPXW,W,-4.91,72.21,67.3,18.7,103,56.2,0.002,-3.307,3.924,-0.844,1,8,74.74,67,0,69.95
